LOCATION,NUTOVERWEIGHTPREV,NUTOVERWEIGHTPREV-footnote,NUTOVERWEIGHTPREV-footnote-short,GHED_GGHE_DGGE_SHA2011,GHED_GGHE_DGGE_SHA2011-footnote,GHED_GGHE_DGGE_SHA2011-footnote-short,NUTRITION_ANAEMIA_REPRODUCTIVEAGE_PREV,NUTRITION_ANAEMIA_REPRODUCTIVEAGE_PREV-footnote,NUTRITION_ANAEMIA_REPRODUCTIVEAGE_PREV-footnote-short,SDGPM25,SDGPM25-footnote,SDGPM25-footnote-short,SDGODAWS,SDGODAWS-footnote,SDGODAWS-footnote-short,WSH_WATER_SAFELY_MANAGED,WSH_WATER_SAFELY_MANAGED-footnote,WSH_WATER_SAFELY_MANAGED-footnote-short,PHE_HHAIR_PROP_POP_CLEAN_FUELS,PHE_HHAIR_PROP_POP_CLEAN_FUELS-footnote,PHE_HHAIR_PROP_POP_CLEAN_FUELS-footnote-short,SDGIPV12M,SDGIPV12M-footnote,SDGIPV12M-footnote-short,VIOLENCE_HOMICIDERATE,VIOLENCE_HOMICIDERATE-footnote,VIOLENCE_HOMICIDERATE-footnote-short,NUTRITION_WH_2,NUTRITION_WH_2-footnote,NUTRITION_WH_2-footnote-short,NUTSTUNTINGPREV,NUTSTUNTINGPREV-footnote,NUTSTUNTINGPREV-footnote-short,WSH_HYGIENE_BASIC,WSH_HYGIENE_BASIC-footnote,WSH_HYGIENE_BASIC-footnote-short,SDGIPVLT,SDGIPVLT-footnote,SDGIPVLT-footnote-short,WSH_DOMESTIC_WASTE_SAFELY_TREATED,WSH_DOMESTIC_WASTE_SAFELY_TREATED-footnote,WSH_DOMESTIC_WASTE_SAFELY_TREATED-footnote-short,WSH_SANITATION_SAFELY_MANAGED,WSH_SANITATION_SAFELY_MANAGED-footnote,WSH_SANITATION_SAFELY_MANAGED-footnote-short
Afghanistan,4.4,UNICEF/WHO/World Bank Joint Malnutrition Estimates - Country Level Overweight Estimates,,1.13,,,45.4,WHO Global Anaemia estimates. Prevalence of anaemia in women of reproductive age (%). Global Health Observatory (GHO) data. Geneva: World Health Organization (https://www.who.int/data/gho),,75.19,,,46.1,,,30,,,38.6,,,35,,,8.3,,,3.6,"Afghanistan Multiple Indicator Cluster Survey 2022-23, Summary Findings Report. Kabul, Afghanistan: UNICEF",,42.0,UNICEF/WHO/World Bank Joint Malnutrition Estimates - Country Level Stunting Estimates,,48,,,46,,,6.1,,,,,
Albania,16.7,UNICEF/WHO/World Bank Joint Malnutrition Estimates - Country Level Overweight Estimates,,9.19,,,24.7,WHO Global Anaemia estimates. Prevalence of anaemia in women of reproductive age (%). Global Health Observatory (GHO) data. Geneva: World Health Organization (https://www.who.int/data/gho),,16.58,,,43.7,,,71,,,86.1,,,6,,,3.4,,,1.6,"Albania Demographic and Health Survey 2017-18. Tirana, Albania: Institute of Statistics, Institute of Public Health, and ICF",,7.4,UNICEF/WHO/World Bank Joint Malnutrition Estimates - Country Level Stunting Estimates,,,,,13,,,12.7,,,56,,
Algeria,13.3,UNICEF/WHO/World Bank Joint Malnutrition Estimates - Country Level Overweight Estimates,,5.36,,,31.6,WHO Global Anaemia estimates. Prevalence of anaemia in women of reproductive age (%). Global Health Observatory (GHO) data. Geneva: World Health Organization (https://www.who.int/data/gho),,22.85,,,0.3,,,71,,,99.7,,,,,,1.6,,,2.7,Enquête par grappes à indicateurs multiples [MICS] 2019,,8.9,UNICEF/WHO/World Bank Joint Malnutrition Estimates - Country Level Stunting Estimates,,85,,,,,,76.2,,,62,,
Andorra,,,,15.87,,,16.4,WHO Global Anaemia estimates. Prevalence of anaemia in women of reproductive age (%). Global Health Observatory (GHO) data. Geneva: World Health Organization (https://www.who.int/data/gho),,8.88,,,,,,91,,,100.0,,,,,,,,,,,,,,,,,,,,,100.0,,,100,,
Angola,4.7,UNICEF/WHO/World Bank Joint Malnutrition Estimates - Country Level Overweight Estimates,,6.7,,,43.8,WHO Global Anaemia estimates. Prevalence of anaemia in women of reproductive age (%). Global Health Observatory (GHO) data. Geneva: World Health Organization (https://www.who.int/data/gho),,32.32,,,17.4,,,,,,50.2,,,25,,,8.7,,,4.9,"Inquérito de Indicadores Múltiplos e de Saúde em Angola 2015-2016. Luanda, Angola e Rockville, Maryland, EUA: INE, MINSA, MINPLAN e ICF International.",,47.7,UNICEF/WHO/World Bank Joint Malnutrition Estimates - Country Level Stunting Estimates,,,,,38,,,,,,,,
Antigua and Barbuda,,,,13.99,,,20.3,WHO Global Anaemia estimates. Prevalence of anaemia in women of reproductive age (%). Global Health Observatory (GHO) data. Geneva: World Health Organization (https://www.who.int/data/gho),,8.42,,,,,,,,,100.0,,,,,,5.8,,,,,,,,,,,,,,,,,,,,
Argentina,14.3,UNICEF/WHO/World Bank Joint Malnutrition Estimates - Country Level Overweight Estimates,,15.22,,,23.5,WHO Global Anaemia estimates. Prevalence of anaemia in women of reproductive age (%). Global Health Observatory (GHO) data. Geneva: World Health Organization (https://www.who.int/data/gho),,11.23,,,57.9,,,,,,99.9,,,5,,,5.9,,,1.7,"Segunda Encuesta Nacional de Nutricion y Salud, Argentina 2018-2019 Height/length modality (standing/lying) was not collected",,10.7,UNICEF/WHO/World Bank Joint Malnutrition Estimates - Country Level Stunting Estimates,,,,,27,,,23.6,,,,,
Armenia,12.9,UNICEF/WHO/World Bank Joint Malnutrition Estimates - Country Level Overweight Estimates,,6.5,,,18.7,WHO Global Anaemia estimates. Prevalence of anaemia in women of reproductive age (%). Global Health Observatory (GHO) data. Geneva: World Health Organization (https://www.who.int/data/gho),,36.24,,,23.4,,,82,,,98.8,,,5,,,4.1,,,4.4,"Armenia Demographic and Health Survey 2015-16. Rockville, Maryland, USA: National Statistical Service, Ministry of Health, and ICF",,6.2,UNICEF/WHO/World Bank Joint Malnutrition Estimates - Country Level Stunting Estimates,,94,,,10,,,0.6,,,11,,
Australia,26.4,UNICEF/WHO/World Bank Joint Malnutrition Estimates - Country Level Overweight Estimates,,20.22,,,11.1,WHO Global Anaemia estimates. Prevalence of anaemia in women of reproductive age (%). Global Health Observatory (GHO) data. Geneva: World Health Organization (https://www.who.int/data/gho),,9.12,,,,,,,,,100.0,,,3,,,0.9,,,,,,3.1,UNICEF/WHO/World Bank Joint Malnutrition Estimates - Country Level Stunting Estimates,,,,,23,,,95.8,,,96,,
Austria,,,,16.32,,,16.7,WHO Global Anaemia estimates. Prevalence of anaemia in women of reproductive age (%). Global Health Observatory (GHO) data. Geneva: World Health Organization (https://www.who.int/data/gho),,12.42,,,,,,99,,,100.0,,,4,,,0.5,,,,,,,,,,,,15,,,95.8,,,100,,
Azerbaijan,4.2,UNICEF/WHO/World Bank Joint Malnutrition Estimates - Country Level Overweight Estimates,,4.61,,,35.6,WHO Global Anaemia estimates. Prevalence of anaemia in women of reproductive age (%). Global Health Observatory (GHO) data. Geneva: World Health Organization (https://www.who.int/data/gho),,26.18,,,1.8,,,72,,,98.9,,,5,,,2.5,,,3.5,"The Republic of Azerbaijan Multiple Indicator Cluster Survey 2023, Survey Findings  Report. Baku, Azerbaijan: The State Statistical Committee of the Republic of Azerbaijan and UNICEF.",,6.8,UNICEF/WHO/World Bank Joint Malnutrition Estimates - Country Level Stunting Estimates,,,,,14,,,37.4,,,,,
Bahamas,,,,15.77,,,18.8,WHO Global Anaemia estimates. Prevalence of anaemia in women of reproductive age (%). Global Health Observatory (GHO) data. Geneva: World Health Organization (https://www.who.int/data/gho),,5.20,,,,,,,,,100.0,,,,,,44.6,,,,,,,,,,,,,,,,,,,,
Bahrain,,,,8.64,,,38.4,WHO Global Anaemia estimates. Prevalence of anaemia in women of reproductive age (%). Global Health Observatory (GHO) data. Geneva: World Health Organization (https://www.who.int/data/gho),,51.84,,,,,,99,,,100.0,,,,,,0.3,,,,,,4.6,"UNICEF/WHO/World Bank Joint Malnutrition Estimates - Country Level Stunting Estimates Most recent input data is before 2000, interpret with caution",,100,,,,,,94.1,,,92,,
Bangladesh,1.6,UNICEF/WHO/World Bank Joint Malnutrition Estimates - Country Level Overweight Estimates,,1.19,,,37.6,WHO Global Anaemia estimates. Prevalence of anaemia in women of reproductive age (%). Global Health Observatory (GHO) data. Geneva: World Health Organization (https://www.who.int/data/gho),,46.85,,,302.0,,,59,,,28.4,,,23,,,2.9,,,10.7,"Bangladesh Demographic and  Health Survey 2022: Final Report. Dhaka, Bangladesh, and Rockville, Maryland, USA: NIPORT and ICF.",,25.1,UNICEF/WHO/World Bank Joint Malnutrition Estimates - Country Level Stunting Estimates,,62,,,50,,,16.3,,,31,,
Barbados,13.0,UNICEF/WHO/World Bank Joint Malnutrition Estimates - Country Level Overweight Estimates,,8.74,,,20.1,WHO Global Anaemia estimates. Prevalence of anaemia in women of reproductive age (%). Global Health Observatory (GHO) data. Geneva: World Health Organization (https://www.who.int/data/gho),,9.83,,,,,,,,,100.0,,,,,,12.7,,,,,,5.8,UNICEF/WHO/World Bank Joint Malnutrition Estimates - Country Level Stunting Estimates,,,,,,,,,,,,,
Belarus,3.4,UNICEF/WHO/World Bank Joint Malnutrition Estimates - Country Level Overweight Estimates,,12.28,,,22.1,WHO Global Anaemia estimates. Prevalence of anaemia in women of reproductive age (%). Global Health Observatory (GHO) data. Geneva: World Health Organization (https://www.who.int/data/gho),,17.19,,,0.1,,,93,,,99.7,,,6,,,2.2,,,1.3,"Child Malnutrition Data from State Statistical Reporting Form, Belarus 2023",,1.1,UNICEF/WHO/World Bank Joint Malnutrition Estimates - Country Level Stunting Estimates,,,,,21,,,83.3,,,75,,
Belgium,4.9,UNICEF/WHO/World Bank Joint Malnutrition Estimates - Country Level Overweight Estimates,,15.19,,,15.0,WHO Global Anaemia estimates. Prevalence of anaemia in women of reproductive age (%). Global Health Observatory (GHO) data. Geneva: World Health Organization (https://www.who.int/data/gho),,11.57,,,,,,100,,,100.0,,,5,,,1.2,,,0.8,Enquete de la Consummation Alimentaire 2022-2023 Age-adjusted,,2.6,UNICEF/WHO/World Bank Joint Malnutrition Estimates - Country Level Stunting Estimates,,,,,22,,,85.4,,,95,,
Belize,5.6,UNICEF/WHO/World Bank Joint Malnutrition Estimates - Country Level Overweight Estimates,,11.48,,,21.3,WHO Global Anaemia estimates. Prevalence of anaemia in women of reproductive age (%). Global Health Observatory (GHO) data. Geneva: World Health Organization (https://www.who.int/data/gho),,10.44,,,0.3,,,,,,82.9,,,8,,,38.3,,,1.8,"Belize Multiple Indicator Cluster Survey, 2015-2016, Final Report. Belmopan, Belize: Statistical Institute of Belize and UNICEF Belize.",,11.7,UNICEF/WHO/World Bank Joint Malnutrition Estimates - Country Level Stunting Estimates,,90,,,24,,,,,,,,
Benin,3.7,UNICEF/WHO/World Bank Joint Malnutrition Estimates - Country Level Overweight Estimates,,2.6,,,50.0,WHO Global Anaemia estimates. Prevalence of anaemia in women of reproductive age (%). Global Health Observatory (GHO) data. Geneva: World Health Organization (https://www.who.int/data/gho),,31.78,,,66.4,,,,,,6.0,,,15,,,5.8,,,8.3,"Enquête par Grappes à Indicateurs  Multiples, Bénin, 2021-2022, Rapport des résultats de l’enquête. Cotonou, Bénin : INStaD",,33.2,UNICEF/WHO/World Bank Joint Malnutrition Estimates - Country Level Stunting Estimates,,12,,,26,,,6.7,,,3,,
Bhutan,8.0,UNICEF/WHO/World Bank Joint Malnutrition Estimates - Country Level Overweight Estimates,,6.69,,,33.8,WHO Global Anaemia estimates. Prevalence of anaemia in women of reproductive age (%). Global Health Observatory (GHO) data. Geneva: World Health Organization (https://www.who.int/data/gho),,16.91,,,17.2,,,73,,,91.6,,,9,,,3.0,,,5.1,"5th National Health Survey: Integrated Stepwise Household Survey  2023. Thimphu, Bhutan: Ministry of Health; 2024",,17.9,UNICEF/WHO/World Bank Joint Malnutrition Estimates - Country Level Stunting Estimates,,93,,,22,,,48.8,,,51,,
Bolivia (Plurinational State of),9.9,UNICEF/WHO/World Bank Joint Malnutrition Estimates - Country Level Overweight Estimates,,16.35,,,24.9,WHO Global Anaemia estimates. Prevalence of anaemia in women of reproductive age (%). Global Health Observatory (GHO) data. Geneva: World Health Organization (https://www.who.int/data/gho),,26.89,,,169.8,,,,,,90.6,,,18,,,10.7,,,2.0,Bolivia Encuesta de Demografia y Salud - EDSA 2016: Indicadores Priorizados,,10.7,UNICEF/WHO/World Bank Joint Malnutrition Estimates - Country Level Stunting Estimates,,27,,,42,,,,,,,,
Bosnia and Herzegovina,13.0,UNICEF/WHO/World Bank Joint Malnutrition Estimates - Country Level Overweight Estimates,,14.79,,,26.0,WHO Global Anaemia estimates. Prevalence of anaemia in women of reproductive age (%). Global Health Observatory (GHO) data. Geneva: World Health Organization (https://www.who.int/data/gho),,29.67,,,21.9,,,87,,,39.5,,,3,,,1.4,,,,,,7.9,UNICEF/WHO/World Bank Joint Malnutrition Estimates - Country Level Stunting Estimates,,,,,12,,,65.3,,,,,
Botswana,11.5,UNICEF/WHO/World Bank Joint Malnutrition Estimates - Country Level Overweight Estimates,,14.62,,,30.9,WHO Global Anaemia estimates. Prevalence of anaemia in women of reproductive age (%). Global Health Observatory (GHO) data. Geneva: World Health Organization (https://www.who.int/data/gho),,14.42,,,0.1,,,,,,66.4,,,17,,,15.4,,,,,,21.0,UNICEF/WHO/World Bank Joint Malnutrition Estimates - Country Level Stunting Estimates,,,,,34,,,,,,,,
Brazil,10.9,UNICEF/WHO/World Bank Joint Malnutrition Estimates - Country Level Overweight Estimates,,9,,,21.3,WHO Global Anaemia estimates. Prevalence of anaemia in women of reproductive age (%). Global Health Observatory (GHO) data. Geneva: World Health Organization (https://www.who.int/data/gho),,11.26,,,152.8,,,87,,,96.5,,,6,,,32.3,,,3.4,"Estudo Nacional de Alimentação e Nutrição Infantil (ENANI), Brasil 2019",,8.9,UNICEF/WHO/World Bank Joint Malnutrition Estimates - Country Level Stunting Estimates,,,,,23,,,,,,50,,
Brunei Darussalam,9.5,UNICEF/WHO/World Bank Joint Malnutrition Estimates - Country Level Overweight Estimates,,6.36,,,18.3,WHO Global Anaemia estimates. Prevalence of anaemia in women of reproductive age (%). Global Health Observatory (GHO) data. Geneva: World Health Organization (https://www.who.int/data/gho),,6.76,,,,,,,,,100.0,,,,,,0.8,,,,,,9.9,UNICEF/WHO/World Bank Joint Malnutrition Estimates - Country Level Stunting Estimates,,,,,,,,,,,,,
Bulgaria,5.5,UNICEF/WHO/World Bank Joint Malnutrition Estimates - Country Level Overweight Estimates,,11.59,,,25.8,WHO Global Anaemia estimates. Prevalence of anaemia in women of reproductive age (%). Global Health Observatory (GHO) data. Geneva: World Health Organization (https://www.who.int/data/gho),,18.56,,,,,,96,,,0.0,,,6,,,1.1,,,,,,5.5,UNICEF/WHO/World Bank Joint Malnutrition Estimates - Country Level Stunting Estimates,,,,,19,,,74.6,,,73,,
Burkina Faso,2.8,UNICEF/WHO/World Bank Joint Malnutrition Estimates - Country Level Overweight Estimates,,8.4,,,44.3,WHO Global Anaemia estimates. Prevalence of anaemia in women of reproductive age (%). Global Health Observatory (GHO) data. Geneva: World Health Organization (https://www.who.int/data/gho),,46.04,,,68.1,,,,,,17.0,,,11,,,9.3,,,9.3,"Enquete Nationale du Nutrition, Burkina Faso 2021 Oedema data was not considered in the analysis; Height/length modality (standing/lying) was not collected",,19.5,UNICEF/WHO/World Bank Joint Malnutrition Estimates - Country Level Stunting Estimates,,9,,,19,,,2.1,,,10,,
Burundi,2.4,UNICEF/WHO/World Bank Joint Malnutrition Estimates - Country Level Overweight Estimates,,4.73,,,39.0,WHO Global Anaemia estimates. Prevalence of anaemia in women of reproductive age (%). Global Health Observatory (GHO) data. Geneva: World Health Organization (https://www.who.int/data/gho),,28.38,,,57.6,,,,,,0.1,,,22,,,6.5,,,7.8,Enquete Nationale sur la Situation Nutritrionnelle et de Mortalite Au Burundi (ENSNMB 2024) basée sur la méthodologie SMART Age-adjusted,,55.3,UNICEF/WHO/World Bank Joint Malnutrition Estimates - Country Level Stunting Estimates,,6,,,40,,,,,,,,
Cabo Verde,8.4,UNICEF/WHO/World Bank Joint Malnutrition Estimates - Country Level Overweight Estimates,,16.06,,,40.6,WHO Global Anaemia estimates. Prevalence of anaemia in women of reproductive age (%). Global Health Observatory (GHO) data. Geneva: World Health Organization (https://www.who.int/data/gho),,32.63,,,12.5,,,,,,83.9,,,11,,,13.9,,,2.4,"Inquérito Demográfico e de Saúde Reprodutiva, IDSR-III, Cabo Verde 2018. Praia, Cabo Verde e Columbia, Maryland, USA",,5.3,UNICEF/WHO/World Bank Joint Malnutrition Estimates - Country Level Stunting Estimates,,,,,19,,,,,,,,
Cambodia,5.7,UNICEF/WHO/World Bank Joint Malnutrition Estimates - Country Level Overweight Estimates,,6.99,,,38.0,WHO Global Anaemia estimates. Prevalence of anaemia in women of reproductive age (%). Global Health Observatory (GHO) data. Geneva: World Health Organization (https://www.who.int/data/gho),,18.35,,,208.1,,,29,,,58.0,,,9,,,1.8,,,9.6,"Cambodia Demographic and Health Survey 2021–22 Final Report. Phnom Penh, Cambodia, and Rockville,  Maryland, USA: NIS, MoH, and ICF.",,22.0,UNICEF/WHO/World Bank Joint Malnutrition Estimates - Country Level Stunting Estimates,,83,,,19,,,,,,37,,
Cameroon,13.6,UNICEF/WHO/World Bank Joint Malnutrition Estimates - Country Level Overweight Estimates,,3.94,,,38.9,WHO Global Anaemia estimates. Prevalence of anaemia in women of reproductive age (%). Global Health Observatory (GHO) data. Geneva: World Health Organization (https://www.who.int/data/gho),,61.63,,,52.7,,,,,,30.7,,,22,,,6.0,,,4.3,"Enquête Démographique et de Santé du Cameroun 2018. Yaoundé, Cameroun et Rockville, Maryland, USA : INS et ICF. 2020",,27.2,UNICEF/WHO/World Bank Joint Malnutrition Estimates - Country Level Stunting Estimates,,37,,,39,,,,,,,,
Canada,11.4,UNICEF/WHO/World Bank Joint Malnutrition Estimates - Country Level Overweight Estimates,,19.5,,,14.0,WHO Global Anaemia estimates. Prevalence of anaemia in women of reproductive age (%). Global Health Observatory (GHO) data. Geneva: World Health Organization (https://www.who.int/data/gho),,6.70,,,,,,99,,,100.0,,,3,,,1.6,,,,,,,,,,,,,,,68.3,,,84,,
Central African Republic,2.3,UNICEF/WHO/World Bank Joint Malnutrition Estimates - Country Level Overweight Estimates,,9.03,,,43.4,WHO Global Anaemia estimates. Prevalence of anaemia in women of reproductive age (%). Global Health Observatory (GHO) data. Geneva: World Health Organization (https://www.who.int/data/gho),,32.17,,,5.9,,,6,,,1.0,,,21,,,18.1,,,5.2,Enquête nationale sur la situation nutritionnelle et de mortalité rétrospective selon la méthodologie SMART en République Centrafricaine 2022 Age-adjusted,,38.9,UNICEF/WHO/World Bank Joint Malnutrition Estimates - Country Level Stunting Estimates,,22,,,29,,,,,,13,,
Chad,2.5,UNICEF/WHO/World Bank Joint Malnutrition Estimates - Country Level Overweight Estimates,,7.26,,,46.5,WHO Global Anaemia estimates. Prevalence of anaemia in women of reproductive age (%). Global Health Observatory (GHO) data. Geneva: World Health Organization (https://www.who.int/data/gho),,54.01,,,34.9,,,6,,,9.7,,,16,,,8.5,,,7.8,"Enquête nationale de nutrition et de mortalité retrospective SMART, Tchad 2022 Oedema data was not considered in the analysis",,31.5,UNICEF/WHO/World Bank Joint Malnutrition Estimates - Country Level Stunting Estimates,,26,,,29,,,2.3,,,11,,
Chile,8.7,UNICEF/WHO/World Bank Joint Malnutrition Estimates - Country Level Overweight Estimates,,18.95,,,15.7,WHO Global Anaemia estimates. Prevalence of anaemia in women of reproductive age (%). Global Health Observatory (GHO) data. Geneva: World Health Organization (https://www.who.int/data/gho),,22.16,,,,,,99,,,100.0,,,6,,,3.8,,,,,,1.7,UNICEF/WHO/World Bank Joint Malnutrition Estimates - Country Level Stunting Estimates,,,,,21,,,87.9,,,95,,
China,11.1,UNICEF/WHO/World Bank Joint Malnutrition Estimates - Country Level Overweight Estimates,,8.8,,,15.6,WHO Global Anaemia estimates. Prevalence of anaemia in women of reproductive age (%). Global Health Observatory (GHO) data. Geneva: World Health Organization (https://www.who.int/data/gho),,40.17,,,40.3,,,,,,88.7,,,8,,,0.7,,,1.9,China Nutrition and Health Surveillance of Children and Lactating Women 2016–2017,,4.5,UNICEF/WHO/World Bank Joint Malnutrition Estimates - Country Level Stunting Estimates,,97,,,19,,,64.0,,,67,,
"China, Hong Kong SAR",,,,,,,,,,,,,,,,,,,,,,,,,,,,,,,,,,,,,,,,93.2,,,,,
"China, Macao SAR",,,,,,,,,,,,,,,,,,,,,,,,,,,,,,,,,,,,,,,,85.2,,,,,
Colombia,6.8,UNICEF/WHO/World Bank Joint Malnutrition Estimates - Country Level Overweight Estimates,,15.72,,,22.4,WHO Global Anaemia estimates. Prevalence of anaemia in women of reproductive age (%). Global Health Observatory (GHO) data. Geneva: World Health Organization (https://www.who.int/data/gho),,15.09,,,49.9,,,74,,,91.8,,,12,,,35.7,,,1.6,Colombia National Survey of the Nutritional Situation 2015 Oedema data was not considered in the analysis,,11.6,UNICEF/WHO/World Bank Joint Malnutrition Estimates - Country Level Stunting Estimates,,70,,,30,,,17.2,,,18,,
Comoros,3.9,UNICEF/WHO/World Bank Joint Malnutrition Estimates - Country Level Overweight Estimates,,4.74,,,29.9,WHO Global Anaemia estimates. Prevalence of anaemia in women of reproductive age (%). Global Health Observatory (GHO) data. Geneva: World Health Organization (https://www.who.int/data/gho),,14.49,,,5.1,,,,,,10.4,,,8,,,7.6,,,5.1,"Enquête par Grappes à Indicateurs Multiples MICS6 2022, Rapport  sur les résultats de l’enquête. Moroni, Comores : INSEED COMORES.",,17.4,UNICEF/WHO/World Bank Joint Malnutrition Estimates - Country Level Stunting Estimates,,,,,16,,,,,,,,
Congo,5.3,UNICEF/WHO/World Bank Joint Malnutrition Estimates - Country Level Overweight Estimates,,3.53,,,46.7,WHO Global Anaemia estimates. Prevalence of anaemia in women of reproductive age (%). Global Health Observatory (GHO) data. Geneva: World Health Organization (https://www.who.int/data/gho),,37.81,,,19.5,,,,,,40.1,,,,,,9.3,,,,,,16.3,UNICEF/WHO/World Bank Joint Malnutrition Estimates - Country Level Stunting Estimates,,,,,,,,,,,,,
Cook Islands,,,,11.94,,,23.9,WHO Global Anaemia estimates. Prevalence of anaemia in women of reproductive age (%). Global Health Observatory (GHO) data. Geneva: World Health Organization (https://www.who.int/data/gho),,7.87,,,,,,,,,74.7,,,14,,,,,,,,,,,,,,,33,,,,,,,,
Costa Rica,7.9,UNICEF/WHO/World Bank Joint Malnutrition Estimates - Country Level Overweight Estimates,,25.82,,,13.7,WHO Global Anaemia estimates. Prevalence of anaemia in women of reproductive age (%). Global Health Observatory (GHO) data. Geneva: World Health Organization (https://www.who.int/data/gho),,15.06,,,2.7,,,81,,,96.6,,,7,,,13.5,,,1.8,"Encuesta de Mujeres, Niñez y Adolescencia (EMNA), Informe de resultados de la encuesta. San José, Costa Rica. 2019",,10.6,UNICEF/WHO/World Bank Joint Malnutrition Estimates - Country Level Stunting Estimates,,86,,,27,,,24.1,,,25,,
Côte d'Ivoire,3.5,UNICEF/WHO/World Bank Joint Malnutrition Estimates - Country Level Overweight Estimates,,6.21,,,51.4,WHO Global Anaemia estimates. Prevalence of anaemia in women of reproductive age (%). Global Health Observatory (GHO) data. Geneva: World Health Organization (https://www.who.int/data/gho),,46.58,,,13.0,,,44,,,44.1,,,16,,,11.0,,,8.1,"Enquête Démographique et de Santé de Côte d’Ivoire, 2021. Rockville, Maryland, USA : INS/Côte d’Ivoire et ICF.",,20.3,UNICEF/WHO/World Bank Joint Malnutrition Estimates - Country Level Stunting Estimates,,22,,,27,,,18.5,,,17,,
Croatia,,,,13.73,,,23.3,WHO Global Anaemia estimates. Prevalence of anaemia in women of reproductive age (%). Global Health Observatory (GHO) data. Geneva: World Health Organization (https://www.who.int/data/gho),,15.49,,,,,,,,,100.0,,,4,,,0.8,,,,,,,,,,,,13,,,34.3,,,,,
Cuba,10.6,UNICEF/WHO/World Bank Joint Malnutrition Estimates - Country Level Overweight Estimates,,21.04,,,22.2,WHO Global Anaemia estimates. Prevalence of anaemia in women of reproductive age (%). Global Health Observatory (GHO) data. Geneva: World Health Organization (https://www.who.int/data/gho),,15.86,,,9.1,,,,,,94.9,,,5,,,5.0,,,2.0,"Cuba Encuesta de Indicadores Múltiples por Conglomerados 2019, Informe de resultados de la encuesta. La Habana, Cuba: Dirección de Registros Médicos y Estadísticas de Salud.",,7.3,UNICEF/WHO/World Bank Joint Malnutrition Estimates - Country Level Stunting Estimates,,93,,,14,,,32.6,,,41,,
Cyprus,,,,18.31,,,16.4,WHO Global Anaemia estimates. Prevalence of anaemia in women of reproductive age (%). Global Health Observatory (GHO) data. Geneva: World Health Organization (https://www.who.int/data/gho),,15.46,,,,,,100,,,100.0,,,3,,,1.4,,,,,,,,,,,,16,,,72.7,,,77,,
Czechia,6.6,UNICEF/WHO/World Bank Joint Malnutrition Estimates - Country Level Overweight Estimates,,16.73,,,24.6,WHO Global Anaemia estimates. Prevalence of anaemia in women of reproductive age (%). Global Health Observatory (GHO) data. Geneva: World Health Organization (https://www.who.int/data/gho),,14.90,,,,,,98,,,100.0,,,4,,,0.6,,,,,,2.4,UNICEF/WHO/World Bank Joint Malnutrition Estimates - Country Level Stunting Estimates,,,,,22,,,91.5,,,90,,
Democratic People's Republic of Korea,3.3,UNICEF/WHO/World Bank Joint Malnutrition Estimates - Country Level Overweight Estimates,,,,,27.5,WHO Global Anaemia estimates. Prevalence of anaemia in women of reproductive age (%). Global Health Observatory (GHO) data. Geneva: World Health Organization (https://www.who.int/data/gho),,43.93,,,0.3,,,67,,,14.5,,,,,,4.1,,,2.5,"DPR Korea Multiple Indicator Cluster Survey 2017, Survey Findings Report. Pyongyang, DPR Korea: Central Bureau of Statistics and UNICEF",,16.6,UNICEF/WHO/World Bank Joint Malnutrition Estimates - Country Level Stunting Estimates,,,,,,,,,,,,,
Democratic Republic of the Congo,4.2,UNICEF/WHO/World Bank Joint Malnutrition Estimates - Country Level Overweight Estimates,,3.98,,,40.0,WHO Global Anaemia estimates. Prevalence of anaemia in women of reproductive age (%). Global Health Observatory (GHO) data. Geneva: World Health Organization (https://www.who.int/data/gho),,37.44,,,92.9,,,12,,,5.0,,,36,,,12.4,,,7.2,"RDC, Enquête Démographique et de Santé 2023–24 : Rapport des indicateurs clés. Kinshasa, RDC et Rockville, Maryland, USA : ICF.",,44.1,UNICEF/WHO/World Bank Joint Malnutrition Estimates - Country Level Stunting Estimates,,19,,,47,,,15.8,,,13,,
Denmark,,,,17.69,,,17.0,WHO Global Anaemia estimates. Prevalence of anaemia in women of reproductive age (%). Global Health Observatory (GHO) data. Geneva: World Health Organization (https://www.who.int/data/gho),,10.12,,,,,,100,,,100.0,,,3,,,1.2,,,,,,,,,,,,23,,,99.0,,,99,,
Djibouti,5.5,UNICEF/WHO/World Bank Joint Malnutrition Estimates - Country Level Overweight Estimates,,5.15,,,31.8,WHO Global Anaemia estimates. Prevalence of anaemia in women of reproductive age (%). Global Health Observatory (GHO) data. Geneva: World Health Organization (https://www.who.int/data/gho),,20.72,,,22.9,,,,,,10.0,,,,,,5.8,,,12.1,"Dijbouti Rapport de l’enquête multisectorielle, juillet 2023 Age-adjusted",,20.9,UNICEF/WHO/World Bank Joint Malnutrition Estimates - Country Level Stunting Estimates,,,,,,,,11.1,,,40,,
Dominica,,,,6.2,,,22.0,WHO Global Anaemia estimates. Prevalence of anaemia in women of reproductive age (%). Global Health Observatory (GHO) data. Geneva: World Health Organization (https://www.who.int/data/gho),,8.38,,,2.0,,,,,,86.2,,,,,,,,,,,,,,,,,,,,,,,,,,
Dominican Republic,7.5,UNICEF/WHO/World Bank Joint Malnutrition Estimates - Country Level Overweight Estimates,,14.43,,,22.4,WHO Global Anaemia estimates. Prevalence of anaemia in women of reproductive age (%). Global Health Observatory (GHO) data. Geneva: World Health Organization (https://www.who.int/data/gho),,7.76,,,12.8,,,45,,,93.5,,,10,,,19.5,,,2.2,Encuesta Nacional de Hogares de Propósitos Múltiples (ENHOGAR-MICS) 2019,,5.6,UNICEF/WHO/World Bank Joint Malnutrition Estimates - Country Level Stunting Estimates,,48,,,19,,,34.6,,,43,,
Ecuador,4.7,UNICEF/WHO/World Bank Joint Malnutrition Estimates - Country Level Overweight Estimates,,11.87,,,20.2,WHO Global Anaemia estimates. Prevalence of anaemia in women of reproductive age (%). Global Health Observatory (GHO) data. Geneva: World Health Organization (https://www.who.int/data/gho),,16.91,,,38.9,,,67,,,94.7,,,8,,,6.6,,,0.7,"Encuesta Nacional de Desnutrición Infantil - ENDI Ronda 2, Ecuador 2023-2024",,17.7,UNICEF/WHO/World Bank Joint Malnutrition Estimates - Country Level Stunting Estimates,,87,,,33,,,,,,42,,
Egypt,11.2,UNICEF/WHO/World Bank Joint Malnutrition Estimates - Country Level Overweight Estimates,,7.22,,,32.7,WHO Global Anaemia estimates. Prevalence of anaemia in women of reproductive age (%). Global Health Observatory (GHO) data. Geneva: World Health Organization (https://www.who.int/data/gho),,64.10,,,121.6,,,,,,99.9,,,15,,,4.2,,,3.3,Egypt Family Health Survey (EFHS) 2021,,12.9,UNICEF/WHO/World Bank Joint Malnutrition Estimates - Country Level Stunting Estimates,,,,,30,,,62.6,,,67,,
El Salvador,8.5,UNICEF/WHO/World Bank Joint Malnutrition Estimates - Country Level Overweight Estimates,,21.22,,,14.4,WHO Global Anaemia estimates. Prevalence of anaemia in women of reproductive age (%). Global Health Observatory (GHO) data. Geneva: World Health Organization (https://www.who.int/data/gho),,22.76,,,5.3,,,,,,94.4,,,6,,,93.8,,,2.9,"Encuesta Nacional de Salud (ENS), El Salvador 2021.  Instituto Nacional de Salud, 2022.",,9.4,UNICEF/WHO/World Bank Joint Malnutrition Estimates - Country Level Stunting Estimates,,,,,21,,,,,,,,
Equatorial Guinea,7.5,UNICEF/WHO/World Bank Joint Malnutrition Estimates - Country Level Overweight Estimates,,4.45,,,41.3,WHO Global Anaemia estimates. Prevalence of anaemia in women of reproductive age (%). Global Health Observatory (GHO) data. Geneva: World Health Organization (https://www.who.int/data/gho),,27.06,,,0.0,,,,,,22.1,,,29,,,2.6,,,,,,17.1,UNICEF/WHO/World Bank Joint Malnutrition Estimates - Country Level Stunting Estimates,,,,,46,,,,,,,,
Eritrea,2.8,UNICEF/WHO/World Bank Joint Malnutrition Estimates - Country Level Overweight Estimates,,2.37,,,35.6,WHO Global Anaemia estimates. Prevalence of anaemia in women of reproductive age (%). Global Health Observatory (GHO) data. Geneva: World Health Organization (https://www.who.int/data/gho),,24.04,,,0.4,,,,,,12.0,,,,,,10.4,,,,,,48.0,UNICEF/WHO/World Bank Joint Malnutrition Estimates - Country Level Stunting Estimates,,,,,,,,,,,,,
Estonia,5.6,UNICEF/WHO/World Bank Joint Malnutrition Estimates - Country Level Overweight Estimates,,13.2,,,24.7,WHO Global Anaemia estimates. Prevalence of anaemia in women of reproductive age (%). Global Health Observatory (GHO) data. Geneva: World Health Organization (https://www.who.int/data/gho),,6.61,,,,,,97,,,100.0,,,4,,,1.8,,,,,,1.3,UNICEF/WHO/World Bank Joint Malnutrition Estimates - Country Level Stunting Estimates,,,,,21,,,91.7,,,90,,
Eswatini,10.2,UNICEF/WHO/World Bank Joint Malnutrition Estimates - Country Level Overweight Estimates,,11.35,,,28.3,WHO Global Anaemia estimates. Prevalence of anaemia in women of reproductive age (%). Global Health Observatory (GHO) data. Geneva: World Health Organization (https://www.who.int/data/gho),,15.94,,,6.2,,,,,,50.3,,,18,,,18.5,,,1.8,"Eswatini Multiple Indicator Cluster Survey 2021-2022, Survey Findings  Report. Mbabane, Eswatini: Central Statistical Office (CSO).",,18.9,UNICEF/WHO/World Bank Joint Malnutrition Estimates - Country Level Stunting Estimates,,,,,,,,17.0,,,,,
Ethiopia,3.3,UNICEF/WHO/World Bank Joint Malnutrition Estimates - Country Level Overweight Estimates,,5.68,,,23.1,WHO Global Anaemia estimates. Prevalence of anaemia in women of reproductive age (%). Global Health Observatory (GHO) data. Geneva: World Health Organization (https://www.who.int/data/gho),,22.94,,,336.5,,,13,,,7.1,,,27,,,6.7,,,6.8,"Ethiopia Mini Demographic and Health  Survey 2019: Final Report. Rockville, Maryland, USA: EPHI and ICF, 2021.",,35.5,UNICEF/WHO/World Bank Joint Malnutrition Estimates - Country Level Stunting Estimates,,8,,,37,,,3.0,,,7,,
Fiji,7.3,UNICEF/WHO/World Bank Joint Malnutrition Estimates - Country Level Overweight Estimates,,10.33,,,29.9,WHO Global Anaemia estimates. Prevalence of anaemia in women of reproductive age (%). Global Health Observatory (GHO) data. Geneva: World Health Organization (https://www.who.int/data/gho),,8.14,,,3.2,,,42,,,54.1,,,23,,,2.1,,,4.6,"Fiji Multiple Indicator Cluster Survey 2021, Fact Sheet. Suva, Fiji: Fiji Bureau of  Statistics.",,7.2,UNICEF/WHO/World Bank Joint Malnutrition Estimates - Country Level Stunting Estimates,,87,,,52,,,39.9,,,49,,
Finland,4.7,UNICEF/WHO/World Bank Joint Malnutrition Estimates - Country Level Overweight Estimates,,14.82,,,13.6,WHO Global Anaemia estimates. Prevalence of anaemia in women of reproductive age (%). Global Health Observatory (GHO) data. Geneva: World Health Organization (https://www.who.int/data/gho),,6.21,,,,,,100,,,100.0,,,8,,,1.1,,,1.6,"Terveystarkastukset lastenneuvolassa & kouluterveydenhuollossa, 2023",,1.7,UNICEF/WHO/World Bank Joint Malnutrition Estimates - Country Level Stunting Estimates,,,,,23,,,89.5,,,90,,
France,,,,15.25,,,13.1,WHO Global Anaemia estimates. Prevalence of anaemia in women of reproductive age (%). Global Health Observatory (GHO) data. Geneva: World Health Organization (https://www.who.int/data/gho),,11.34,,,,,,100,,,100.0,,,5,,,1.0,,,,,,,,,,,,22,,,86.7,,,90,,
Gabon,6.1,UNICEF/WHO/World Bank Joint Malnutrition Estimates - Country Level Overweight Estimates,,9.59,,,59.9,WHO Global Anaemia estimates. Prevalence of anaemia in women of reproductive age (%). Global Health Observatory (GHO) data. Geneva: World Health Organization (https://www.who.int/data/gho),,32.87,,,0.7,,,,,,91.4,,,22,,,8.0,,,3.4,"Enquête Démographique et de Santé au Gabon, 2019– 21. Libreville, Gabon et Rockville, Maryland, USA : DGS et ICF",,13.7,UNICEF/WHO/World Bank Joint Malnutrition Estimates - Country Level Stunting Estimates,,,,,41,,,,,,,,
Gambia,2.7,UNICEF/WHO/World Bank Joint Malnutrition Estimates - Country Level Overweight Estimates,,7.48,,,46.1,WHO Global Anaemia estimates. Prevalence of anaemia in women of reproductive age (%). Global Health Observatory (GHO) data. Geneva: World Health Organization (https://www.who.int/data/gho),,41.40,,,9.1,,,48,,,1.6,,,10,,,7.9,,,5.1,"The Gambia Demographic and Health Survey 2019- 20. Banjul, The Gambia and Rockville, Maryland, USA: GBoS and ICF",,14.0,UNICEF/WHO/World Bank Joint Malnutrition Estimates - Country Level Stunting Estimates,,13,,,25,,,10.5,,,28,,
Georgia,4.1,UNICEF/WHO/World Bank Joint Malnutrition Estimates - Country Level Overweight Estimates,,10.54,,,30.2,WHO Global Anaemia estimates. Prevalence of anaemia in women of reproductive age (%). Global Health Observatory (GHO) data. Geneva: World Health Organization (https://www.who.int/data/gho),,20.85,,,38.7,,,69,,,93.2,,,3,,,1.9,,,0.6,"Georgia Multiple Indicator Cluster Survey 2018, Survey Findings Report. Tbilisi, Georgia: National Statistics Office of Georgia.",,4.7,UNICEF/WHO/World Bank Joint Malnutrition Estimates - Country Level Stunting Estimates,,92,,,10,,,50.2,,,24,,
Germany,3.3,UNICEF/WHO/World Bank Joint Malnutrition Estimates - Country Level Overweight Estimates,,20.46,,,14.0,WHO Global Anaemia estimates. Prevalence of anaemia in women of reproductive age (%). Global Health Observatory (GHO) data. Geneva: World Health Organization (https://www.who.int/data/gho),,11.15,,,,,,100,,,100.0,,,5,,,0.9,,,0.5,German Health Interview and Examination Survey for Children and Adolescents KiGGS Wave 2: 2014-2017 Age-adjusted,,2.2,UNICEF/WHO/World Bank Joint Malnutrition Estimates - Country Level Stunting Estimates,,,,,21,,,99.1,,,97,,
Ghana,1.8,UNICEF/WHO/World Bank Joint Malnutrition Estimates - Country Level Overweight Estimates,,7.41,,,36.0,WHO Global Anaemia estimates. Prevalence of anaemia in women of reproductive age (%). Global Health Observatory (GHO) data. Geneva: World Health Organization (https://www.who.int/data/gho),,50.42,,,87.5,,,44,,,32.8,,,10,,,5.9,,,5.8,"Ghana Demographic and Health Survey 2022. Accra, Ghana, and Rockville, Maryland, USA: GSS and ICF.",,15.6,UNICEF/WHO/World Bank Joint Malnutrition Estimates - Country Level Stunting Estimates,,42,,,24,,,15.5,,,16,,
Greece,13.5,UNICEF/WHO/World Bank Joint Malnutrition Estimates - Country Level Overweight Estimates,,8.65,,,15.6,WHO Global Anaemia estimates. Prevalence of anaemia in women of reproductive age (%). Global Health Observatory (GHO) data. Geneva: World Health Organization (https://www.who.int/data/gho),,15.58,,,,,,99,,,100.0,,,5,,,1.1,,,,,,2.0,UNICEF/WHO/World Bank Joint Malnutrition Estimates - Country Level Stunting Estimates,,,,,18,,,92.1,,,92,,
Grenada,,,,6.28,,,20.9,WHO Global Anaemia estimates. Prevalence of anaemia in women of reproductive age (%). Global Health Observatory (GHO) data. Geneva: World Health Organization (https://www.who.int/data/gho),,10.22,,,1.0,,,,,,84.2,,,8,,,5.0,,,,,,,,,,,,28,,,,,,,,
Guatemala,3.7,UNICEF/WHO/World Bank Joint Malnutrition Estimates - Country Level Overweight Estimates,,16.89,,,10.5,WHO Global Anaemia estimates. Prevalence of anaemia in women of reproductive age (%). Global Health Observatory (GHO) data. Geneva: World Health Organization (https://www.who.int/data/gho),,21.78,,,17.2,,,56,,,46.5,,,7,,,26.2,,,0.8,Informe de la Linea de Base de la Gran Cruzada Nacional por la Nutricion 2021/2022,,44.6,UNICEF/WHO/World Bank Joint Malnutrition Estimates - Country Level Stunting Estimates,,,,,21,,,,,,,,
Guinea,4.4,UNICEF/WHO/World Bank Joint Malnutrition Estimates - Country Level Overweight Estimates,,5.02,,,45.7,WHO Global Anaemia estimates. Prevalence of anaemia in women of reproductive age (%). Global Health Observatory (GHO) data. Geneva: World Health Organization (https://www.who.int/data/gho),,42.38,,,31.6,,,,,,1.0,,,21,,,8.5,,,6.4,"Guinea Enquete Nationale Nutrition basée sur la méthodologie SMART, 2022 Oedema data was not considered in the analysis",,26.6,UNICEF/WHO/World Bank Joint Malnutrition Estimates - Country Level Stunting Estimates,,21,,,37,,,,,,,,
Guinea-Bissau,3.6,UNICEF/WHO/World Bank Joint Malnutrition Estimates - Country Level Overweight Estimates,,5.16,,,45.7,WHO Global Anaemia estimates. Prevalence of anaemia in women of reproductive age (%). Global Health Observatory (GHO) data. Geneva: World Health Organization (https://www.who.int/data/gho),,40.06,,,8.1,,,24,,,0.8,,,,,,8.6,,,7.8,"Enquête nutritionnel SMART. Evaluation de la situation nutritionnelle en Guinée Bissau, 2019 Oedema data was not considered in the analysis; Height/length modality (standing/lying) was not collected",,28.3,UNICEF/WHO/World Bank Joint Malnutrition Estimates - Country Level Stunting Estimates,,20,,,,,,20.0,,,15,,
Guyana,5.0,UNICEF/WHO/World Bank Joint Malnutrition Estimates - Country Level Overweight Estimates,,10.49,,,37.5,WHO Global Anaemia estimates. Prevalence of anaemia in women of reproductive age (%). Global Health Observatory (GHO) data. Geneva: World Health Organization (https://www.who.int/data/gho),,11.70,,,0.1,,,,,,100.0,,,10,,,13.9,,,6.5,"Guyana Multiple Indicator Cluster Survey 2019-2020, Survey Findings  Report. Georgetown, Guyana: UNICEF",,7.1,UNICEF/WHO/World Bank Joint Malnutrition Estimates - Country Level Stunting Estimates,,83,,,31,,,33.4,,,44,,
Haiti,3.9,UNICEF/WHO/World Bank Joint Malnutrition Estimates - Country Level Overweight Estimates,,4.11,,,45.9,WHO Global Anaemia estimates. Prevalence of anaemia in women of reproductive age (%). Global Health Observatory (GHO) data. Geneva: World Health Organization (https://www.who.int/data/gho),,9.78,,,41.5,,,,,,4.5,,,12,,,20.9,,,5.0,Haiti 2023 National nutrition Standardized Monitoring and Assessment of Relief and Transitions (SMART) survey Oedema data was not considered in the analysis,,21.6,UNICEF/WHO/World Bank Joint Malnutrition Estimates - Country Level Stunting Estimates,,23,,,23,,,,,,,,
Honduras,4.2,UNICEF/WHO/World Bank Joint Malnutrition Estimates - Country Level Overweight Estimates,,14.16,,,18.8,WHO Global Anaemia estimates. Prevalence of anaemia in women of reproductive age (%). Global Health Observatory (GHO) data. Geneva: World Health Organization (https://www.who.int/data/gho),,19.42,,,30.3,,,65,,,50.3,,,7,,,75.2,,,1.9,Encuesta Nacional de Demografía y Salud/ Encuesta de Indicadores Múltiples por Conglomerados. Honduras 2019. Tegucigalpa.,,17.9,UNICEF/WHO/World Bank Joint Malnutrition Estimates - Country Level Stunting Estimates,,85,,,17,,,,,,53,,
Hungary,,,,9.91,,,24.1,WHO Global Anaemia estimates. Prevalence of anaemia in women of reproductive age (%). Global Health Observatory (GHO) data. Geneva: World Health Organization (https://www.who.int/data/gho),,14.83,,,,,,100,,,100.0,,,6,,,1.4,,,,,,,,,,,,19,,,72.2,,,88,,
Iceland,,,,16.54,,,14.7,WHO Global Anaemia estimates. Prevalence of anaemia in women of reproductive age (%). Global Health Observatory (GHO) data. Geneva: World Health Organization (https://www.who.int/data/gho),,6.20,,,,,,100,,,100.0,,,3,,,1.1,,,,,,,,,,,,21,,,1.6,,,,,
India,3.7,UNICEF/WHO/World Bank Joint Malnutrition Estimates - Country Level Overweight Estimates,,4.46,,,53.7,WHO Global Anaemia estimates. Prevalence of anaemia in women of reproductive age (%). Global Health Observatory (GHO) data. Geneva: World Health Organization (https://www.who.int/data/gho),,53.03,,,360.6,,,,,,76.7,,,18,,,3.6,,,18.7,"National Family Health Survey (NFHS-5), 2019-21: India. Mumbai: IIPS",,32.9,UNICEF/WHO/World Bank Joint Malnutrition Estimates - Country Level Stunting Estimates,,76,,,35,,,28.8,,,52,,
Indonesia,2.6,UNICEF/WHO/World Bank Joint Malnutrition Estimates - Country Level Overweight Estimates,,8.03,,,26.7,WHO Global Anaemia estimates. Prevalence of anaemia in women of reproductive age (%). Global Health Observatory (GHO) data. Geneva: World Health Organization (https://www.who.int/data/gho),,19.93,,,266.2,,,30,,,90.6,,,9,,,4.1,,,8.4,Survei Kesehatan Indonesia Tahun 2023 (SKI-2023) Height/length modality (standing/lying) was not collected,,22.6,UNICEF/WHO/World Bank Joint Malnutrition Estimates - Country Level Stunting Estimates,,79,,,22,,,,,,,,
Iran (Islamic Republic of),2.7,UNICEF/WHO/World Bank Joint Malnutrition Estimates - Country Level Overweight Estimates,,19.03,,,25.5,WHO Global Anaemia estimates. Prevalence of anaemia in women of reproductive age (%). Global Health Observatory (GHO) data. Geneva: World Health Organization (https://www.who.int/data/gho),,34.11,,,0.7,,,94,,,95.7,,,18,,,2.9,,,4.3,"Children Anthropometry, Nutrition and Development Survey 2017, CANDS_IR96. Ministry of Health. 2021. Tehran, Iran",,4.8,UNICEF/WHO/World Bank Joint Malnutrition Estimates - Country Level Stunting Estimates,,,,,31,,,26.4,,,,,
Iraq,4.6,UNICEF/WHO/World Bank Joint Malnutrition Estimates - Country Level Overweight Estimates,,5.84,,,27.1,WHO Global Anaemia estimates. Prevalence of anaemia in women of reproductive age (%). Global Health Observatory (GHO) data. Geneva: World Health Organization (https://www.who.int/data/gho),,42.96,,,61.5,,,60,,,99.5,,,,,,12.6,,,3.0,"Iraq Multiple Indicator Cluster Survey 2018, Survey Findings Report. Baghdad, Iraq: CSO & KRSO",,9.4,UNICEF/WHO/World Bank Joint Malnutrition Estimates - Country Level Stunting Estimates,,97,,,26,,,41.8,,,53,,
Ireland,11.2,UNICEF/WHO/World Bank Joint Malnutrition Estimates - Country Level Overweight Estimates,,22.33,,,14.0,WHO Global Anaemia estimates. Prevalence of anaemia in women of reproductive age (%). Global Health Observatory (GHO) data. Geneva: World Health Organization (https://www.who.int/data/gho),,8.68,,,,,,96,,,100.0,,,3,,,0.8,,,,,,2.2,UNICEF/WHO/World Bank Joint Malnutrition Estimates - Country Level Stunting Estimates,,,,,16,,,50.8,,,80,,
Israel,,,,13.01,,,14.6,WHO Global Anaemia estimates. Prevalence of anaemia in women of reproductive age (%). Global Health Observatory (GHO) data. Geneva: World Health Organization (https://www.who.int/data/gho),,19.65,,,,,,99,,,100.0,,,6,,,1.0,,,,,,,,,,,,,,,95.0,,,96,,
Italy,,,,11.85,,,16.4,WHO Global Anaemia estimates. Prevalence of anaemia in women of reproductive age (%). Global Health Observatory (GHO) data. Geneva: World Health Organization (https://www.who.int/data/gho),,14.73,,,,,,93,,,100.0,,,4,,,0.6,,,,,,,,,,,,16,,,70.7,,,79,,
Jamaica,5.1,UNICEF/WHO/World Bank Joint Malnutrition Estimates - Country Level Overweight Estimates,,18.96,,,21.5,WHO Global Anaemia estimates. Prevalence of anaemia in women of reproductive age (%). Global Health Observatory (GHO) data. Geneva: World Health Organization (https://www.who.int/data/gho),,15.79,,,0.8,,,,,,93.0,,,7,,,51.9,,,3.2,"Jamaica survey of living conditions 2018. The Planning Institute of Jamaica (PIOJ)  and the Statistical Institute of Jamaica Statistical Institute of Jamaica (STATIN), 2020",,6.9,UNICEF/WHO/World Bank Joint Malnutrition Estimates - Country Level Stunting Estimates,,,,,24,,,,,,,,
Japan,2.0,UNICEF/WHO/World Bank Joint Malnutrition Estimates - Country Level Overweight Estimates,,23.42,,,18.7,WHO Global Anaemia estimates. Prevalence of anaemia in women of reproductive age (%). Global Health Observatory (GHO) data. Geneva: World Health Organization (https://www.who.int/data/gho),,11.10,,,,,,99,,,100.0,,,4,,,0.2,,,,,,5.2,UNICEF/WHO/World Bank Joint Malnutrition Estimates - Country Level Stunting Estimates,,,,,20,,,98.6,,,99,,
Jordan,10.6,UNICEF/WHO/World Bank Joint Malnutrition Estimates - Country Level Overweight Estimates,,7.64,,,33.0,WHO Global Anaemia estimates. Prevalence of anaemia in women of reproductive age (%). Global Health Observatory (GHO) data. Geneva: World Health Organization (https://www.who.int/data/gho),,25.76,,,327.7,,,86,,,99.4,,,13,,,2.3,,,2.3,"Jordan Population and Family and Health Survey 2023.  Amman, Jordan, and Rockville, Maryland, USA: DoS and ICF",,7.7,UNICEF/WHO/World Bank Joint Malnutrition Estimates - Country Level Stunting Estimates,,,,,24,,,77.4,,,82,,
Kazakhstan,8.7,UNICEF/WHO/World Bank Joint Malnutrition Estimates - Country Level Overweight Estimates,,10.6,,,30.5,WHO Global Anaemia estimates. Prevalence of anaemia in women of reproductive age (%). Global Health Observatory (GHO) data. Geneva: World Health Organization (https://www.who.int/data/gho),,35.44,,,0.3,,,,,,94.2,,,6,,,4.4,,,3.1,"2015 Kazakhstan Multiple Indicator Cluster Survey, Final Report. Astana, Kazakhstan: The Statistics Committee of the Ministry of National Economy of the Republic of Kazakhstan, 2016.",,4.4,UNICEF/WHO/World Bank Joint Malnutrition Estimates - Country Level Stunting Estimates,,,,,16,,,30.3,,,,,
Kenya,4.3,UNICEF/WHO/World Bank Joint Malnutrition Estimates - Country Level Overweight Estimates,,8.65,,,32.2,WHO Global Anaemia estimates. Prevalence of anaemia in women of reproductive age (%). Global Health Observatory (GHO) data. Geneva: World Health Organization (https://www.who.int/data/gho),,12.33,,,153.6,,,,,,31.6,,,23,,,5.8,,,4.5,"Kenya Demographic and Health Survey 2022. Nairobi, Kenya, and Rockville, Maryland,  USA: KNBS and ICF",,17.9,UNICEF/WHO/World Bank Joint Malnutrition Estimates - Country Level Stunting Estimates,,38,,,38,,,11.2,,,31,,
Kiribati,2.1,UNICEF/WHO/World Bank Joint Malnutrition Estimates - Country Level Overweight Estimates,,9.71,,,26.9,WHO Global Anaemia estimates. Prevalence of anaemia in women of reproductive age (%). Global Health Observatory (GHO) data. Geneva: World Health Organization (https://www.who.int/data/gho),,7.98,,,5.8,,,14,,,16.4,,,25,,,4.5,,,3.5,Kiribati 2018-2019 Social Development Indicator Survey,,14.7,UNICEF/WHO/World Bank Joint Malnutrition Estimates - Country Level Stunting Estimates,,56,,,53,,,32.9,,,25,,
Kuwait,10.1,UNICEF/WHO/World Bank Joint Malnutrition Estimates - Country Level Overweight Estimates,,9.4,,,27.7,WHO Global Anaemia estimates. Prevalence of anaemia in women of reproductive age (%). Global Health Observatory (GHO) data. Geneva: World Health Organization (https://www.who.int/data/gho),,67.22,,,,,,100,,,100.0,,,,,,1.7,,,3.5,"Kuwait Nutrition Surveillance System [KNSS] 2023. Kuwait city, Kuwait: Food & Nutrition Administration Weighted analyses to adjust for unbalanced age distribution using UNPD WPP;; Height/length modality (standing/lying) was not collected",,4.5,UNICEF/WHO/World Bank Joint Malnutrition Estimates - Country Level Stunting Estimates,,,,,,,,100.0,,,100,,
Kyrgyzstan,9.9,UNICEF/WHO/World Bank Joint Malnutrition Estimates - Country Level Overweight Estimates,,7.55,,,32.9,WHO Global Anaemia estimates. Prevalence of anaemia in women of reproductive age (%). Global Health Observatory (GHO) data. Geneva: World Health Organization (https://www.who.int/data/gho),,39.65,,,28.9,,,76,,,79.6,,,13,,,4.7,,,3.0,"Kyrgyz Republic Multiple Indicator Cluster Survey 2023, Survey Findings Report. Bishkek, Kyrgyzstan: National Statistical Committee of the Kyrgyz Republic and UNICEF, 2024",,11.0,UNICEF/WHO/World Bank Joint Malnutrition Estimates - Country Level Stunting Estimates,,100,,,23,,,21.9,,,93,,
Lao People's Democratic Republic,3.7,UNICEF/WHO/World Bank Joint Malnutrition Estimates - Country Level Overweight Estimates,,4.25,,,28.6,WHO Global Anaemia estimates. Prevalence of anaemia in women of reproductive age (%). Global Health Observatory (GHO) data. Geneva: World Health Organization (https://www.who.int/data/gho),,24.19,,,63.0,,,18,,,11.1,,,8,,,6.4,,,10.7,"Lao Social Indicator Survey III, 2023,  Survey Findings Report. Vientiane, Lao PDR: Lao Statistics Bureau and UNICEF",,29.9,UNICEF/WHO/World Bank Joint Malnutrition Estimates - Country Level Stunting Estimates,,,,,19,,,10.3,,,61,,
Latvia,6.6,UNICEF/WHO/World Bank Joint Malnutrition Estimates - Country Level Overweight Estimates,,12.06,,,21.4,WHO Global Anaemia estimates. Prevalence of anaemia in women of reproductive age (%). Global Health Observatory (GHO) data. Geneva: World Health Organization (https://www.who.int/data/gho),,14.13,,,,,,97,,,100.0,,,6,,,4.5,,,1.7,"Study on Physical Activity, Diet Habits and Body Mass Index of Pre-School Children in Latvia (5-6 years olds) Age-adjusted",,1.7,UNICEF/WHO/World Bank Joint Malnutrition Estimates - Country Level Stunting Estimates,,,,,25,,,96.5,,,,,
Lebanon,4.5,UNICEF/WHO/World Bank Joint Malnutrition Estimates - Country Level Overweight Estimates,,15.5,,,34.0,WHO Global Anaemia estimates. Prevalence of anaemia in women of reproductive age (%). Global Health Observatory (GHO) data. Geneva: World Health Organization (https://www.who.int/data/gho),,24.36,,,116.5,,,48,,,0.0,,,,,,5.3,,,1.3,Lebanese Integrated Micronutrient and Anthropometry Survey 2023,,10.1,UNICEF/WHO/World Bank Joint Malnutrition Estimates - Country Level Stunting Estimates,,,,,,,,,,,26,,
Lesotho,7.5,UNICEF/WHO/World Bank Joint Malnutrition Estimates - Country Level Overweight Estimates,,13.12,,,34.2,WHO Global Anaemia estimates. Prevalence of anaemia in women of reproductive age (%). Global Health Observatory (GHO) data. Geneva: World Health Organization (https://www.who.int/data/gho),,18.55,,,14.1,,,28,,,53.8,,,16,,,38.9,,,1.6,"Lesotho Demographic and Health Survey 2023–24: Final Report. Maseru, Lesotho, and Rockville, Maryland, USA: Ministry of Health and ICF.",,35.0,UNICEF/WHO/World Bank Joint Malnutrition Estimates - Country Level Stunting Estimates,,6,,,40,,,3.0,,,48,,
Liberia,6.1,UNICEF/WHO/World Bank Joint Malnutrition Estimates - Country Level Overweight Estimates,,4.79,,,42.5,WHO Global Anaemia estimates. Prevalence of anaemia in women of reproductive age (%). Global Health Observatory (GHO) data. Geneva: World Health Organization (https://www.who.int/data/gho),,40.53,,,21.3,,,,,,0.8,,,27,,,9.4,,,3.4,"Liberia Demographic and Health Survey 2019-20. Monrovia, Liberia and Rockville, Maryland, USA/ Liberia Institute of Statistics and Geo-Information Services (LISGIS), Ministry of Health [Liberia], and ICF. 2021.",,26.9,UNICEF/WHO/World Bank Joint Malnutrition Estimates - Country Level Stunting Estimates,,3,,,43,,,,,,,,
Libya,4.7,UNICEF/WHO/World Bank Joint Malnutrition Estimates - Country Level Overweight Estimates,,5.06,,,29.3,WHO Global Anaemia estimates. Prevalence of anaemia in women of reproductive age (%). Global Health Observatory (GHO) data. Geneva: World Health Organization (https://www.who.int/data/gho),,28.26,,,5.6,,,,,,0.0,,,,,,2.1,,,3.5,"National Nutrition Survey for Mothers, Pregnant Women and Children Under Five in Libya 2022 Age-adjusted",,9.2,UNICEF/WHO/World Bank Joint Malnutrition Estimates - Country Level Stunting Estimates,,,,,,,,,,,24,,
Lithuania,4.6,UNICEF/WHO/World Bank Joint Malnutrition Estimates - Country Level Overweight Estimates,,13.03,,,23.7,WHO Global Anaemia estimates. Prevalence of anaemia in women of reproductive age (%). Global Health Observatory (GHO) data. Geneva: World Health Organization (https://www.who.int/data/gho),,11.67,,,,,,95,,,100.0,,,5,,,4.2,,,4.9,Lithuania Child Health Monitoring Information System 2021 Age-adjusted,,1.6,UNICEF/WHO/World Bank Joint Malnutrition Estimates - Country Level Stunting Estimates,,,,,22,,,95.8,,,95,,
Luxembourg,,,,11.02,,,15.4,WHO Global Anaemia estimates. Prevalence of anaemia in women of reproductive age (%). Global Health Observatory (GHO) data. Geneva: World Health Organization (https://www.who.int/data/gho),,9.11,,,,,,100,,,100.0,,,4,,,0.5,,,,,,,,,,,,20,,,98.8,,,96,,
Madagascar,2.3,UNICEF/WHO/World Bank Joint Malnutrition Estimates - Country Level Overweight Estimates,,5.74,,,37.2,WHO Global Anaemia estimates. Prevalence of anaemia in women of reproductive age (%). Global Health Observatory (GHO) data. Geneva: World Health Organization (https://www.who.int/data/gho),,18.43,,,37.7,,,22,,,1.6,,,,,,6.1,,,7.2,"Enquête Démographique et de Santé à Madagascar,  2021. Antananarivo, Madagascar et Rockville, Maryland, USA : INSTAT et ICF.",,38.4,UNICEF/WHO/World Bank Joint Malnutrition Estimates - Country Level Stunting Estimates,,23,,,,,,10.9,,,12,,
Malawi,4.4,UNICEF/WHO/World Bank Joint Malnutrition Estimates - Country Level Overweight Estimates,,3.29,,,32.4,WHO Global Anaemia estimates. Prevalence of anaemia in women of reproductive age (%). Global Health Observatory (GHO) data. Geneva: World Health Organization (https://www.who.int/data/gho),,20.18,,,135.3,,,18,,,1.5,,,17,,,1.9,,,2.6,"Malawi Multiple Indicator Cluster Survey 2019-20, Survey Findings Report. Zomba, Malawi: National Statistical Office",,33.2,UNICEF/WHO/World Bank Joint Malnutrition Estimates - Country Level Stunting Estimates,,15,,,30,,,6.4,,,46,,
Malaysia,5.3,UNICEF/WHO/World Bank Joint Malnutrition Estimates - Country Level Overweight Estimates,,8.01,,,31.3,WHO Global Anaemia estimates. Prevalence of anaemia in women of reproductive age (%). Global Health Observatory (GHO) data. Geneva: World Health Organization (https://www.who.int/data/gho),,23.74,,,1.8,,,94,,,83.8,,,,,,2.6,,,11.0,Malaysia National Health and Morbidity Survey 2022,,24.3,UNICEF/WHO/World Bank Joint Malnutrition Estimates - Country Level Stunting Estimates,,,,,19,,,90.6,,,86,,
Maldives,3.0,UNICEF/WHO/World Bank Joint Malnutrition Estimates - Country Level Overweight Estimates,,18.17,,,43.4,WHO Global Anaemia estimates. Prevalence of anaemia in women of reproductive age (%). Global Health Observatory (GHO) data. Geneva: World Health Organization (https://www.who.int/data/gho),,12.69,,,10.1,,,,,,99.8,,,6,,,2.1,,,9.1,"Maldives Demographic and Health Survey 2016-17. Malé, Maldives, and Rockville, Maryland, USA: MOH and ICF",,14.2,UNICEF/WHO/World Bank Joint Malnutrition Estimates - Country Level Stunting Estimates,,,,,19,,,,,,,,
Mali,1.3,UNICEF/WHO/World Bank Joint Malnutrition Estimates - Country Level Overweight Estimates,,5.69,,,56.5,WHO Global Anaemia estimates. Prevalence of anaemia in women of reproductive age (%). Global Health Observatory (GHO) data. Geneva: World Health Organization (https://www.who.int/data/gho),,45.06,,,77.5,,,,,,1.3,,,18,,,10.0,,,5.4,"Septième Enquête  Démographique et de Santé au Mali 2023–2024. Indicateurs Clés. Bamako, Mali, et Rockville, Maryland, USA : INSTAT, CPS/SS-DS-PF, et ICF",,23.2,UNICEF/WHO/World Bank Joint Malnutrition Estimates - Country Level Stunting Estimates,,17,,,29,,,6.3,,,16,,
Malta,10.1,UNICEF/WHO/World Bank Joint Malnutrition Estimates - Country Level Overweight Estimates,,16.21,,,15.7,WHO Global Anaemia estimates. Prevalence of anaemia in women of reproductive age (%). Global Health Observatory (GHO) data. Geneva: World Health Organization (https://www.who.int/data/gho),,12.94,,,,,,100,,,100.0,,,4,,,0.9,,,0.4,"A Study on Childhood Obesity in Malta, with a special focus on 4-5 year old children. Data was collected as part of the reform funded under Component 4 of the Recovery and Resilience Plan for Malta Age-adjusted",,3.5,UNICEF/WHO/World Bank Joint Malnutrition Estimates - Country Level Stunting Estimates,,,,,17,,,7.0,,,88,,
Marshall Islands,4.6,UNICEF/WHO/World Bank Joint Malnutrition Estimates - Country Level Overweight Estimates,,6.65,,,23.5,WHO Global Anaemia estimates. Prevalence of anaemia in women of reproductive age (%). Global Health Observatory (GHO) data. Geneva: World Health Organization (https://www.who.int/data/gho),,7.55,,,8.0,,,,,,64.8,,,19,,,,,,3.5,"Republic of the Marshall Islands Integrated Child Health and Nutrition Survey 2017, Final Report. Majuro, Republic of the Marshall Islands: RMI Ministry of Health and Human Services, RMI Economic, Policy Planning and Statistic Office, 2017 Oedema data was not considered in the analysis; Height/length modality (standing/lying) was not collected",,30.0,UNICEF/WHO/World Bank Joint Malnutrition Estimates - Country Level Stunting Estimates,,,,,38,,,,,,,,
Mauritania,1.6,UNICEF/WHO/World Bank Joint Malnutrition Estimates - Country Level Overweight Estimates,,6.28,,,54.5,WHO Global Anaemia estimates. Prevalence of anaemia in women of reproductive age (%). Global Health Observatory (GHO) data. Geneva: World Health Organization (https://www.who.int/data/gho),,51.29,,,57.3,,,,,,49.4,,,,,,10.6,,,13.6,"Rapport de l’enquête nutritionnelle SMART, Republique Islamique de Mauritania, Octobre 2022 Age-adjusted",,21.5,UNICEF/WHO/World Bank Joint Malnutrition Estimates - Country Level Stunting Estimates,,42,,,,,,,,,,,
Mauritius,4.8,"UNICEF/WHO/World Bank Joint Malnutrition Estimates - Country Level Overweight Estimates Most recent input data is before 2000, interpret with caution",,9.39,,,32.8,WHO Global Anaemia estimates. Prevalence of anaemia in women of reproductive age (%). Global Health Observatory (GHO) data. Geneva: World Health Organization (https://www.who.int/data/gho),,10.48,,,66.2,,,,,,99.1,,,,,,2.2,,,,,,7.8,"UNICEF/WHO/World Bank Joint Malnutrition Estimates - Country Level Stunting Estimates Most recent input data is before 2000, interpret with caution",,,,,,,,26.9,,,,,
Mexico,7.4,UNICEF/WHO/World Bank Joint Malnutrition Estimates - Country Level Overweight Estimates,,10.39,,,13.2,WHO Global Anaemia estimates. Prevalence of anaemia in women of reproductive age (%). Global Health Observatory (GHO) data. Geneva: World Health Organization (https://www.who.int/data/gho),,18.43,,,60.4,,,43,,,85.1,,,10,,,28.2,,,1.0,"Encuesta Nacional de Salud y Nutrición Continua, Mexico 2022 Height/length modality (standing/lying) was not collected",,13.1,UNICEF/WHO/World Bank Joint Malnutrition Estimates - Country Level Stunting Estimates,,94,,,24,,,64.1,,,63,,
Micronesia (Federated States of),,,,1.89,,,22.1,WHO Global Anaemia estimates. Prevalence of anaemia in women of reproductive age (%). Global Health Observatory (GHO) data. Geneva: World Health Organization (https://www.who.int/data/gho),,8.13,,,0.2,,,,,,13.3,,,21,,,4.8,,,,,,,,,,,,35,,,,,,,,
Monaco,,,,12.04,,,15.9,WHO Global Anaemia estimates. Prevalence of anaemia in women of reproductive age (%). Global Health Observatory (GHO) data. Geneva: World Health Organization (https://www.who.int/data/gho),,9.21,,,,,,100,,,100.0,,,,,,,,,,,,,,,,,,,,,93.9,,,100,,
Mongolia,12.3,UNICEF/WHO/World Bank Joint Malnutrition Estimates - Country Level Overweight Estimates,,9.25,,,19.1,WHO Global Anaemia estimates. Prevalence of anaemia in women of reproductive age (%). Global Health Observatory (GHO) data. Geneva: World Health Organization (https://www.who.int/data/gho),,50.62,,,64.6,,,39,,,55.8,,,12,,,5.3,,,2.7,Mongolia 2023 Multiple Indicator Cluster Survey,,7.1,UNICEF/WHO/World Bank Joint Malnutrition Estimates - Country Level Stunting Estimates,,86,,,27,,,53.2,,,66,,
Montenegro,8.6,UNICEF/WHO/World Bank Joint Malnutrition Estimates - Country Level Overweight Estimates,,16.25,,,25.8,WHO Global Anaemia estimates. Prevalence of anaemia in women of reproductive age (%). Global Health Observatory (GHO) data. Geneva: World Health Organization (https://www.who.int/data/gho),,17.93,,,11.9,,,85,,,61.4,,,4,,,2.6,,,2.2,"2018 Montenegro multiple indicator cluster survey (MICS): Final report. Podgorica, Montenegro: MONSTAT and UNICEF, 2019",,8.0,UNICEF/WHO/World Bank Joint Malnutrition Estimates - Country Level Stunting Estimates,,99,,,16,,,31.1,,,57,,
Morocco,4.2,UNICEF/WHO/World Bank Joint Malnutrition Estimates - Country Level Overweight Estimates,,6.82,,,29.5,WHO Global Anaemia estimates. Prevalence of anaemia in women of reproductive age (%). Global Health Observatory (GHO) data. Geneva: World Health Organization (https://www.who.int/data/gho),,13.73,,,141.1,,,75,,,98.1,,,10,,,1.5,,,2.4,"Enquête Nationale sur la Nutrition, Diversité alimentaire, Carence  en Fer, Carence en Vitamine A, Carence en Iode, 2019. Age-adjusted",,13.7,UNICEF/WHO/World Bank Joint Malnutrition Estimates - Country Level Stunting Estimates,,,,,,,,75.3,,,61,,
Mozambique,4.4,UNICEF/WHO/World Bank Joint Malnutrition Estimates - Country Level Overweight Estimates,,8.04,,,47.0,WHO Global Anaemia estimates. Prevalence of anaemia in women of reproductive age (%). Global Health Observatory (GHO) data. Geneva: World Health Organization (https://www.who.int/data/gho),,17.51,,,150.3,,,,,,7.4,,,16,,,3.3,,,3.8,"Inquérito Demográfico e de Saúde em Moçambique 2022–23. Maputo, Moçambique e Rockville, Maryland, EUA: INE e ICF.",,37.0,UNICEF/WHO/World Bank Joint Malnutrition Estimates - Country Level Stunting Estimates,,,,,30,,,21.7,,,,,
Myanmar,0.6,UNICEF/WHO/World Bank Joint Malnutrition Estimates - Country Level Overweight Estimates,,2.55,,,39.7,WHO Global Anaemia estimates. Prevalence of anaemia in women of reproductive age (%). Global Health Observatory (GHO) data. Geneva: World Health Organization (https://www.who.int/data/gho),,27.75,,,30.4,,,57,,,53.5,,,11,,,3.9,,,7.4,Myanmar Micronutrient and Food Consumption Survey (MMFCS) 2017-2018 Age-adjusted,,24.5,UNICEF/WHO/World Bank Joint Malnutrition Estimates - Country Level Stunting Estimates,,75,,,19,,,15.2,,,61,,
Namibia,5.8,UNICEF/WHO/World Bank Joint Malnutrition Estimates - Country Level Overweight Estimates,,11.74,,,24.9,WHO Global Anaemia estimates. Prevalence of anaemia in women of reproductive age (%). Global Health Observatory (GHO) data. Geneva: World Health Organization (https://www.who.int/data/gho),,13.13,,,5.5,,,,,,48.0,,,16,,,17.9,,,,,,16.4,UNICEF/WHO/World Bank Joint Malnutrition Estimates - Country Level Stunting Estimates,,,,,27,,,,,,,,
Nauru,8.2,UNICEF/WHO/World Bank Joint Malnutrition Estimates - Country Level Overweight Estimates,,11.83,,,22.5,WHO Global Anaemia estimates. Prevalence of anaemia in women of reproductive age (%). Global Health Observatory (GHO) data. Geneva: World Health Organization (https://www.who.int/data/gho),,7.40,,,0.0,,,,,,100.0,,,20,,,,,,1.3,"Nauru Multiple Indicator Cluster Survey 2023, Survey Findings Report.  Nauru: Nauru Bureau of Statistics",,16.0,UNICEF/WHO/World Bank Joint Malnutrition Estimates - Country Level Stunting Estimates,,,,,43,,,35.5,,,,,
Nepal,1.8,UNICEF/WHO/World Bank Joint Malnutrition Estimates - Country Level Overweight Estimates,,8.01,,,33.2,WHO Global Anaemia estimates. Prevalence of anaemia in women of reproductive age (%). Global Health Observatory (GHO) data. Geneva: World Health Organization (https://www.who.int/data/gho),,36.92,,,106.0,,,16,,,42.7,,,11,,,2.3,,,7.0,"Nepal Demographic and Health Survey 2022. Kathmandu, Nepal: Ministry of Health and Population [Nepal]",,26.0,UNICEF/WHO/World Bank Joint Malnutrition Estimates - Country Level Stunting Estimates,,64,,,27,,,29.6,,,51,,
Netherlands (Kingdom of the),5.4,UNICEF/WHO/World Bank Joint Malnutrition Estimates - Country Level Overweight Estimates,,15.92,,,16.5,WHO Global Anaemia estimates. Prevalence of anaemia in women of reproductive age (%). Global Health Observatory (GHO) data. Geneva: World Health Organization (https://www.who.int/data/gho),,10.88,,,,,,100,,,100.0,,,5,,,0.6,,,,,,1.6,UNICEF/WHO/World Bank Joint Malnutrition Estimates - Country Level Stunting Estimates,,,,,21,,,99.8,,,97,,
New Zealand,,,,19.75,,,12.4,WHO Global Anaemia estimates. Prevalence of anaemia in women of reproductive age (%). Global Health Observatory (GHO) data. Geneva: World Health Organization (https://www.who.int/data/gho),,8.69,,,,,,100,,,100.0,,,4,,,1.2,,,,,,,,,,,,23,,,84.5,,,89,,
Nicaragua,,,,17.83,,,,,,16.73,,,78.9,,,,,,59.6,,,6,,,9.2,,,,,,,,,,,,23,,,29.3,,,,,
Niger,2.6,UNICEF/WHO/World Bank Joint Malnutrition Estimates - Country Level Overweight Estimates,,7.11,,,47.1,WHO Global Anaemia estimates. Prevalence of anaemia in women of reproductive age (%). Global Health Observatory (GHO) data. Geneva: World Health Organization (https://www.who.int/data/gho),,55.52,,,66.6,,,,,,5.1,,,13,,,9.4,,,10.9,Enquete Nutritionnelle et de Mortalite Retrospective au Niger - Date de la collecte des données du 20 Août au 26 septembre 2022 Oedema data was not considered in the analysis,,48.3,UNICEF/WHO/World Bank Joint Malnutrition Estimates - Country Level Stunting Estimates,,25,,,,,,6.8,,,8,,
Nigeria,1.6,UNICEF/WHO/World Bank Joint Malnutrition Estimates - Country Level Overweight Estimates,,4.31,,,37.9,WHO Global Anaemia estimates. Prevalence of anaemia in women of reproductive age (%). Global Health Observatory (GHO) data. Geneva: World Health Organization (https://www.who.int/data/gho),,55.33,,,130.4,,,29,,,26.2,,,13,,,8.8,,,11.6,"National Food Consumption and Micronutrient Survey 2021.  Final Report. Abuja and Ibadan, Nigeria: FGoN and IITA. 550 pp. Age-adjusted",,33.8,UNICEF/WHO/World Bank Joint Malnutrition Estimates - Country Level Stunting Estimates,,31,,,24,,,40.7,,,32,,
Niue,,,,6.95,,,24.0,WHO Global Anaemia estimates. Prevalence of anaemia in women of reproductive age (%). Global Health Observatory (GHO) data. Geneva: World Health Organization (https://www.who.int/data/gho),,6.74,,,,,,94,,,98.5,,,,,,,,,,,,,,,,,,,,,,,,,,
North Macedonia,12.3,UNICEF/WHO/World Bank Joint Malnutrition Estimates - Country Level Overweight Estimates,,12.36,,,21.5,WHO Global Anaemia estimates. Prevalence of anaemia in women of reproductive age (%). Global Health Observatory (GHO) data. Geneva: World Health Organization (https://www.who.int/data/gho),,28.67,,,14.1,,,80,,,81.3,,,4,,,1.1,,,3.4,"2018-2019 North Macedonia Multiple Indicator Cluster Survey, Survey  Findings  Report. Skopje, North Macedonia: State Statistical Office and UNICEF.",,3.8,UNICEF/WHO/World Bank Joint Malnutrition Estimates - Country Level Stunting Estimates,,100,,,13,,,4.9,,,12,,
Norway,,,,17.75,,,16.3,WHO Global Anaemia estimates. Prevalence of anaemia in women of reproductive age (%). Global Health Observatory (GHO) data. Geneva: World Health Organization (https://www.who.int/data/gho),,7.19,,,,,,99,,,100.0,,,4,,,0.6,,,,,,,,,,,,20,,,74.0,,,78,,
"occupied Palestinian territory, including east Jerusalem",8.8,UNICEF/WHO/World Bank Joint Malnutrition Estimates - Country Level Overweight Estimates,,13.48,,,24.8,WHO Global Anaemia estimates. Prevalence of anaemia in women of reproductive age (%). Global Health Observatory (GHO) data. Geneva: World Health Organization (https://www.who.int/data/gho),,31.34,,,144.1,,,80,,,,,,,,,6.8,,,1.3,"Palestinian Multiple Indicator Cluster Survey 2019-2020,  Survey Findings Report, Ramallah, Palestine.",,8.0,UNICEF/WHO/World Bank Joint Malnutrition Estimates - Country Level Stunting Estimates,,95,,,,,,71.5,,,70,,
Oman,8.8,UNICEF/WHO/World Bank Joint Malnutrition Estimates - Country Level Overweight Estimates,,8.31,,,34.4,WHO Global Anaemia estimates. Prevalence of anaemia in women of reproductive age (%). Global Health Observatory (GHO) data. Geneva: World Health Organization (https://www.who.int/data/gho),,35.76,,,,,,91,,,100.0,,,,,,0.8,,,9.3,"Oman National Nutrition Survey 2017. Muscat, Oman, 2018",,12.9,UNICEF/WHO/World Bank Joint Malnutrition Estimates - Country Level Stunting Estimates,,,,,,,,,,,,,
Pakistan,2.1,UNICEF/WHO/World Bank Joint Malnutrition Estimates - Country Level Overweight Estimates,,5.55,,,46.5,WHO Global Anaemia estimates. Prevalence of anaemia in women of reproductive age (%). Global Health Observatory (GHO) data. Geneva: World Health Organization (https://www.who.int/data/gho),,51.59,,,426.7,,,51,,,54.9,,,16,,,6.6,,,7.1,"Pakistan Demographic and Health Survey 2017-18. Islamabad, Pakistan, and Rockville, Maryland, USA: NIPS and ICF",,33.6,UNICEF/WHO/World Bank Joint Malnutrition Estimates - Country Level Stunting Estimates,,85,,,29,,,,,,,,
Palau,,,,9.51,,,25.9,WHO Global Anaemia estimates. Prevalence of anaemia in women of reproductive age (%). Global Health Observatory (GHO) data. Geneva: World Health Organization (https://www.who.int/data/gho),,7.92,,,0.4,,,90,,,100.0,,,14,,,,,,,,,,,,,,,31,,,,,,,,
Panama,10.9,UNICEF/WHO/World Bank Joint Malnutrition Estimates - Country Level Overweight Estimates,,22.23,,,25.5,WHO Global Anaemia estimates. Prevalence of anaemia in women of reproductive age (%). Global Health Observatory (GHO) data. Geneva: World Health Organization (https://www.who.int/data/gho),,11.89,,,0.4,,,,,,100.0,,,8,,,20.3,,,1.1,Encuesta Nacional de Salud de Panamá 2019 Oedema data was not considered in the analysis; Height/length modality (standing/lying) was not collected,,14.0,UNICEF/WHO/World Bank Joint Malnutrition Estimates - Country Level Stunting Estimates,,,,,16,,,,,,,,
Papua New Guinea,18.5,UNICEF/WHO/World Bank Joint Malnutrition Estimates - Country Level Overweight Estimates,,6.99,,,28.8,WHO Global Anaemia estimates. Prevalence of anaemia in women of reproductive age (%). Global Health Observatory (GHO) data. Geneva: World Health Organization (https://www.who.int/data/gho),,9.51,,,23.5,,,,,,10.5,,,31,,,10.4,,,,,,47.6,UNICEF/WHO/World Bank Joint Malnutrition Estimates - Country Level Stunting Estimates,,30,,,51,,,7.3,,,,,
Paraguay,15.4,UNICEF/WHO/World Bank Joint Malnutrition Estimates - Country Level Overweight Estimates,,17.45,,,23.2,WHO Global Anaemia estimates. Prevalence of anaemia in women of reproductive age (%). Global Health Observatory (GHO) data. Geneva: World Health Organization (https://www.who.int/data/gho),,13.23,,,14.3,,,64,,,71.3,,,6,,,7.6,,,1.0,Encuesta de Indicadores Multiples por Conglomerados MICS Paraguay 2016,,3.2,UNICEF/WHO/World Bank Joint Malnutrition Estimates - Country Level Stunting Estimates,,,,,18,,,27.4,,,55,,
Peru,9.0,UNICEF/WHO/World Bank Joint Malnutrition Estimates - Country Level Overweight Estimates,,16.7,,,21.0,WHO Global Anaemia estimates. Prevalence of anaemia in women of reproductive age (%). Global Health Observatory (GHO) data. Geneva: World Health Organization (https://www.who.int/data/gho),,31.74,,,28.5,,,52,,,91.8,,,11,,,6.2,,,0.6,Peru Encuesta Demográfica y de Salud Familiar-ENDES 2023 Nacional y Departamental,,10.6,UNICEF/WHO/World Bank Joint Malnutrition Estimates - Country Level Stunting Estimates,,,,,38,,,52.4,,,58,,
Philippines,3.3,UNICEF/WHO/World Bank Joint Malnutrition Estimates - Country Level Overweight Estimates,,8.98,,,12.0,WHO Global Anaemia estimates. Prevalence of anaemia in women of reproductive age (%). Global Health Observatory (GHO) data. Geneva: World Health Organization (https://www.who.int/data/gho),,24.20,,,110.7,,,48,,,59.5,,,6,,,12.7,,,5.4,Philippines 2021 Expanded National Nutritional Survey Height/length modality (standing/lying) was not collected,,27.7,UNICEF/WHO/World Bank Joint Malnutrition Estimates - Country Level Stunting Estimates,,82,,,14,,,68.0,,,63,,
Poland,8.6,UNICEF/WHO/World Bank Joint Malnutrition Estimates - Country Level Overweight Estimates,,10.71,,,23.4,WHO Global Anaemia estimates. Prevalence of anaemia in women of reproductive age (%). Global Health Observatory (GHO) data. Geneva: World Health Organization (https://www.who.int/data/gho),,19.90,,,,,,89,,,100.0,,,3,,,0.7,,,0.8,Krajowe badanie sposobu żywienia i stanu odżywienia populacji polskiej,,1.0,UNICEF/WHO/World Bank Joint Malnutrition Estimates - Country Level Stunting Estimates,,,,,13,,,79.3,,,98,,
Portugal,9.4,UNICEF/WHO/World Bank Joint Malnutrition Estimates - Country Level Overweight Estimates,,14.81,,,15.0,WHO Global Anaemia estimates. Prevalence of anaemia in women of reproductive age (%). Global Health Observatory (GHO) data. Geneva: World Health Organization (https://www.who.int/data/gho),,7.63,,,,,,95,,,100.0,,,4,,,0.8,,,1.1,"Inquérito Alimentar Nacional e de Atividade Física, IAN-AF 2015-2016 Age-adjusted",,3.2,UNICEF/WHO/World Bank Joint Malnutrition Estimates - Country Level Stunting Estimates,,,,,18,,,85.3,,,93,,
Puerto Rico,,,,,,,,,,,,,,,,,,,,,,,,,23.3,,,,,,,,,,,,,,,32.5,,,,,
Qatar,8.6,UNICEF/WHO/World Bank Joint Malnutrition Estimates - Country Level Overweight Estimates,,7.39,,,23.6,WHO Global Anaemia estimates. Prevalence of anaemia in women of reproductive age (%). Global Health Observatory (GHO) data. Geneva: World Health Organization (https://www.who.int/data/gho),,59.96,,,,,,97,,,100.0,,,,,,0.5,,,1.6,Health Center Data from Primary Health Care Corporation Qatar [2023 Extract] Age-adjusted,,5.4,UNICEF/WHO/World Bank Joint Malnutrition Estimates - Country Level Stunting Estimates,,,,,,,,99.9,,,100,,
Republic of Korea,5.5,UNICEF/WHO/World Bank Joint Malnutrition Estimates - Country Level Overweight Estimates,,14.08,,,15.7,WHO Global Anaemia estimates. Prevalence of anaemia in women of reproductive age (%). Global Health Observatory (GHO) data. Geneva: World Health Organization (https://www.who.int/data/gho),,24.38,,,,,,99,,,100.0,,,8,,,0.7,,,0.2,South Korea National Health and Nutrition Examination Survey 2019-2021 Age-adjusted,,1.8,UNICEF/WHO/World Bank Joint Malnutrition Estimates - Country Level Stunting Estimates,,,,,,,,99.4,,,99,,
Republic of Moldova,4.1,UNICEF/WHO/World Bank Joint Malnutrition Estimates - Country Level Overweight Estimates,,12.35,,,28.5,WHO Global Anaemia estimates. Prevalence of anaemia in women of reproductive age (%). Global Health Observatory (GHO) data. Geneva: World Health Organization (https://www.who.int/data/gho),,12.74,,,21.1,,,75,,,98.3,,,9,,,4.6,,,,,,4.2,UNICEF/WHO/World Bank Joint Malnutrition Estimates - Country Level Stunting Estimates,,,,,27,,,41.4,,,,,
Romania,4.8,UNICEF/WHO/World Bank Joint Malnutrition Estimates - Country Level Overweight Estimates,,11.16,,,24.3,WHO Global Anaemia estimates. Prevalence of anaemia in women of reproductive age (%). Global Health Observatory (GHO) data. Geneva: World Health Organization (https://www.who.int/data/gho),,14.11,,,,,,82,,,100.0,,,7,,,1.1,,,,,,7.0,UNICEF/WHO/World Bank Joint Malnutrition Estimates - Country Level Stunting Estimates,,,,,18,,,30.7,,,88,,
Russian Federation,9.5,UNICEF/WHO/World Bank Joint Malnutrition Estimates - Country Level Overweight Estimates,,13.76,,,24.1,WHO Global Anaemia estimates. Prevalence of anaemia in women of reproductive age (%). Global Health Observatory (GHO) data. Geneva: World Health Organization (https://www.who.int/data/gho),,9.86,,,,,,76,,,100.0,,,,,,6.7,,,,,,,,,,,,,,,21.4,,,61,,
Rwanda,5.1,UNICEF/WHO/World Bank Joint Malnutrition Estimates - Country Level Overweight Estimates,,9.47,,,16.1,WHO Global Anaemia estimates. Prevalence of anaemia in women of reproductive age (%). Global Health Observatory (GHO) data. Geneva: World Health Organization (https://www.who.int/data/gho),,35.72,,,86.0,,,,,,9.3,,,23,,,4.1,,,1.1,"Rwanda Demographic and Health Survey 2019-20 Final Report. Kigali, Rwanda, and Rockville, Maryland, USA: NISR and ICF.",,29.8,UNICEF/WHO/World Bank Joint Malnutrition Estimates - Country Level Stunting Estimates,,18,,,38,,,,,,,,
Saint Kitts and Nevis,,,,5.91,,,19.4,WHO Global Anaemia estimates. Prevalence of anaemia in women of reproductive age (%). Global Health Observatory (GHO) data. Geneva: World Health Organization (https://www.who.int/data/gho),,7.62,,,,,,,,,100.0,,,,,,,,,,,,,,,,,,,,,,,,,,
Saint Lucia,6.8,UNICEF/WHO/World Bank Joint Malnutrition Estimates - Country Level Overweight Estimates,,9,,,19.9,WHO Global Anaemia estimates. Prevalence of anaemia in women of reproductive age (%). Global Health Observatory (GHO) data. Geneva: World Health Organization (https://www.who.int/data/gho),,8.94,,,0.6,,,,,,92.1,,,,,,20.1,,,,,,2.8,UNICEF/WHO/World Bank Joint Malnutrition Estimates - Country Level Stunting Estimates,,,,,,,,,,,,,
Saint Vincent and the Grenadines,,,,8.63,,,18.8,WHO Global Anaemia estimates. Prevalence of anaemia in women of reproductive age (%). Global Health Observatory (GHO) data. Geneva: World Health Organization (https://www.who.int/data/gho),,9.51,,,0.5,,,,,,89.5,,,,,,34.6,,,,,,,,,,,,,,,,,,,,
Samoa,9.4,UNICEF/WHO/World Bank Joint Malnutrition Estimates - Country Level Overweight Estimates,,15.15,,,21.9,WHO Global Anaemia estimates. Prevalence of anaemia in women of reproductive age (%). Global Health Observatory (GHO) data. Geneva: World Health Organization (https://www.who.int/data/gho),,8.07,,,5.1,,,62,,,39.7,,,18,,,2.4,,,3.1,Samoa Demographic and Health Survey - Multiple Indicator Cluster Survey,,8.4,UNICEF/WHO/World Bank Joint Malnutrition Estimates - Country Level Stunting Estimates,,72,,,40,,,43.8,,,43,,
San Marino,,,,29.51,,,15.7,WHO Global Anaemia estimates. Prevalence of anaemia in women of reproductive age (%). Global Health Observatory (GHO) data. Geneva: World Health Organization (https://www.who.int/data/gho),,9.85,,,,,,100,,,100.0,,,,,,,,,,,,,,,,,,,,,90.2,,,90,,
Sao Tome and Principe,6.4,UNICEF/WHO/World Bank Joint Malnutrition Estimates - Country Level Overweight Estimates,,14.94,,,39.7,WHO Global Anaemia estimates. Prevalence of anaemia in women of reproductive age (%). Global Health Observatory (GHO) data. Geneva: World Health Organization (https://www.who.int/data/gho),,36.24,,,6.2,,,36,,,4.6,,,18,,,5.8,,,4.1,"Inquérito de Indicadores Múltiplos 2019, Relatório final. São Tomé, São Tomé e Príncipe: Instituto Nacional de Estatística e Fundo das Nações Unidas para a Infância",,10.0,UNICEF/WHO/World Bank Joint Malnutrition Estimates - Country Level Stunting Estimates,,58,,,27,,,,,,34,,
Saudi Arabia,8.4,UNICEF/WHO/World Bank Joint Malnutrition Estimates - Country Level Overweight Estimates,,12.81,,,17.6,WHO Global Anaemia estimates. Prevalence of anaemia in women of reproductive age (%). Global Health Observatory (GHO) data. Geneva: World Health Organization (https://www.who.int/data/gho),,60.73,,,,,,,,,100.0,,,,,,2.4,,,3.9,Saudi Arabia Ministry of Health Primary Healthcare Centers sited nutritional Surveillance Program [2020 Extract] Age-adjusted,,11.1,UNICEF/WHO/World Bank Joint Malnutrition Estimates - Country Level Stunting Estimates,,,,,,,,58.4,,,80,,
Senegal,2.1,UNICEF/WHO/World Bank Joint Malnutrition Estimates - Country Level Overweight Estimates,,3.37,,,43.1,WHO Global Anaemia estimates. Prevalence of anaemia in women of reproductive age (%). Global Health Observatory (GHO) data. Geneva: World Health Organization (https://www.who.int/data/gho),,42.18,,,99.5,,,27,,,34.8,,,12,,,7.9,,,10.2,"Enquête Démographique et de Santé Continue (Enquête Continue 2023) et Rockville, Maryland, USA : ANSD et ICF",,17.2,UNICEF/WHO/World Bank Joint Malnutrition Estimates - Country Level Stunting Estimates,,22,,,24,,,17.2,,,14,,
Serbia,12.2,UNICEF/WHO/World Bank Joint Malnutrition Estimates - Country Level Overweight Estimates,,13.69,,,24.9,WHO Global Anaemia estimates. Prevalence of anaemia in women of reproductive age (%). Global Health Observatory (GHO) data. Geneva: World Health Organization (https://www.who.int/data/gho),,22.33,,,33.3,,,75,,,83.1,,,4,,,1.8,,,2.6,"Serbia Multiple Indicator Cluster Survey 2019, Survey Findings Reports. Belgrade, Serbia: Statistical Office of the Republic of Serbia and UNICEF",,4.6,UNICEF/WHO/World Bank Joint Malnutrition Estimates - Country Level Stunting Estimates,,,,,17,,,34.0,,,25,,
Seychelles,10.9,UNICEF/WHO/World Bank Joint Malnutrition Estimates - Country Level Overweight Estimates,,10.18,,,25.8,WHO Global Anaemia estimates. Prevalence of anaemia in women of reproductive age (%). Global Health Observatory (GHO) data. Geneva: World Health Organization (https://www.who.int/data/gho),,17.44,,,,,,,,,100.0,,,,,,14.6,,,,,,6.2,UNICEF/WHO/World Bank Joint Malnutrition Estimates - Country Level Stunting Estimates,,,,,,,,,,,,,
Sierra Leone,5.4,UNICEF/WHO/World Bank Joint Malnutrition Estimates - Country Level Overweight Estimates,,5.2,,,44.6,WHO Global Anaemia estimates. Prevalence of anaemia in women of reproductive age (%). Global Health Observatory (GHO) data. Geneva: World Health Organization (https://www.who.int/data/gho),,43.32,,,10.5,,,10,,,0.9,,,20,,,7.5,,,6.3,"Sierra Leone Nationla Nutrition Survey 2021. Freetown: UNICEF, 2021 Oedema data was not considered in the analysis",,25.2,UNICEF/WHO/World Bank Joint Malnutrition Estimates - Country Level Stunting Estimates,,18,,,36,,,16.4,,,15,,
Singapore,3.8,UNICEF/WHO/World Bank Joint Malnutrition Estimates - Country Level Overweight Estimates,,18.12,,,16.6,WHO Global Anaemia estimates. Prevalence of anaemia in women of reproductive age (%). Global Health Observatory (GHO) data. Geneva: World Health Organization (https://www.who.int/data/gho),,13.33,,,,,,100,,,100.0,,,2,,,0.2,,,,,,2.8,UNICEF/WHO/World Bank Joint Malnutrition Estimates - Country Level Stunting Estimates,,,,,11,,,100.0,,,100,,
Slovakia,,,,14.56,,,25.3,WHO Global Anaemia estimates. Prevalence of anaemia in women of reproductive age (%). Global Health Observatory (GHO) data. Geneva: World Health Organization (https://www.who.int/data/gho),,16.27,,,,,,99,,,100.0,,,6,,,1.0,,,,,,,,,,,,18,,,82.0,,,82,,
Slovenia,,,,14.95,,,25.7,WHO Global Anaemia estimates. Prevalence of anaemia in women of reproductive age (%). Global Health Observatory (GHO) data. Geneva: World Health Organization (https://www.who.int/data/gho),,14.60,,,,,,98,,,100.0,,,3,,,0.8,,,,,,,,,,,,18,,,82.1,,,84,,
Solomon Islands,6.2,UNICEF/WHO/World Bank Joint Malnutrition Estimates - Country Level Overweight Estimates,,9.72,,,32.6,WHO Global Anaemia estimates. Prevalence of anaemia in women of reproductive age (%). Global Health Observatory (GHO) data. Geneva: World Health Organization (https://www.who.int/data/gho),,8.70,,,12.1,,,,,,8.7,,,28,,,3.8,,,8.5,"Solomon Islands Demographic and Health Survey, 2015. Solomon Islands Ministry of Health and Medical Services and the Pacific Community. 2017.",,29.8,UNICEF/WHO/World Bank Joint Malnutrition Estimates - Country Level Stunting Estimates,,,,,50,,,,,,,,
Somalia,2.5,UNICEF/WHO/World Bank Joint Malnutrition Estimates - Country Level Overweight Estimates,,2.5,,,46.2,WHO Global Anaemia estimates. Prevalence of anaemia in women of reproductive age (%). Global Health Observatory (GHO) data. Geneva: World Health Organization (https://www.who.int/data/gho),,14.41,,,50.5,,,,,,5.4,,,,,,5.0,,,,,,23.9,UNICEF/WHO/World Bank Joint Malnutrition Estimates - Country Level Stunting Estimates,,25,,,,,,,,,33,,
South Africa,12.8,UNICEF/WHO/World Bank Joint Malnutrition Estimates - Country Level Overweight Estimates,,16.89,,,31.2,WHO Global Anaemia estimates. Prevalence of anaemia in women of reproductive age (%). Global Health Observatory (GHO) data. Geneva: World Health Organization (https://www.who.int/data/gho),,21.69,,,9.2,,,,,,89.8,,,13,,,33.8,,,3.6,"South Africa National Income Dynamics Study 2017, Wave 5 Age-adjusted",,24.4,UNICEF/WHO/World Bank Joint Malnutrition Estimates - Country Level Stunting Estimates,,,,,24,,,21.6,,,72,,
South Sudan,4.3,UNICEF/WHO/World Bank Joint Malnutrition Estimates - Country Level Overweight Estimates,,2.11,,,35.0,WHO Global Anaemia estimates. Prevalence of anaemia in women of reproductive age (%). Global Health Observatory (GHO) data. Geneva: World Health Organization (https://www.who.int/data/gho),,21.36,,,46.8,,,,,,0.0,,,27,,,16.5,,,,,,30.0,UNICEF/WHO/World Bank Joint Malnutrition Estimates - Country Level Stunting Estimates,,6,,,41,,,,,,,,
Spain,,,,15.22,,,15.6,WHO Global Anaemia estimates. Prevalence of anaemia in women of reproductive age (%). Global Health Observatory (GHO) data. Geneva: World Health Organization (https://www.who.int/data/gho),,9.77,,,,,,100,,,100.0,,,3,,,0.5,,,,,,,,,,,,15,,,81.2,,,90,,
Sri Lanka,0.9,UNICEF/WHO/World Bank Joint Malnutrition Estimates - Country Level Overweight Estimates,,9.49,,,20.9,WHO Global Anaemia estimates. Prevalence of anaemia in women of reproductive age (%). Global Health Observatory (GHO) data. Geneva: World Health Organization (https://www.who.int/data/gho),,24.79,,,40.2,,,47,,,35.4,,,4,,,1.8,,,9.3,Sri Lanka 2024 Nutrition Month Survey,,10.1,UNICEF/WHO/World Bank Joint Malnutrition Estimates - Country Level Stunting Estimates,,85,,,24,,,,,,,,
Sudan,2.6,UNICEF/WHO/World Bank Joint Malnutrition Estimates - Country Level Overweight Estimates,,6.72,,,34.0,WHO Global Anaemia estimates. Prevalence of anaemia in women of reproductive age (%). Global Health Observatory (GHO) data. Geneva: World Health Organization (https://www.who.int/data/gho),,23.46,,,27.8,,,,,,70.6,,,17,,,5.3,,,,,,35.4,UNICEF/WHO/World Bank Joint Malnutrition Estimates - Country Level Stunting Estimates,,11,,,,,,,,,,,
Suriname,3.7,UNICEF/WHO/World Bank Joint Malnutrition Estimates - Country Level Overweight Estimates,,13.12,,,22.2,WHO Global Anaemia estimates. Prevalence of anaemia in women of reproductive age (%). Global Health Observatory (GHO) data. Geneva: World Health Organization (https://www.who.int/data/gho),,13.03,,,2.9,,,56,,,95.7,,,8,,,4.9,,,5.5,"Suriname Multiple Indicator Cluster Survey 2018, Survey Findings Report. Paramaribo, Suriname: Ministry of Social Affairs and Public Housing",,8.0,UNICEF/WHO/World Bank Joint Malnutrition Estimates - Country Level Stunting Estimates,,72,,,28,,,23.8,,,25,,
Sweden,,,,19.01,,,16.8,WHO Global Anaemia estimates. Prevalence of anaemia in women of reproductive age (%). Global Health Observatory (GHO) data. Geneva: World Health Organization (https://www.who.int/data/gho),,6.40,,,,,,100,,,100.0,,,6,,,1.1,,,,,,,,,,,,21,,,92.8,,,96,,
Switzerland,,,,12.41,,,16.6,WHO Global Anaemia estimates. Prevalence of anaemia in women of reproductive age (%). Global Health Observatory (GHO) data. Geneva: World Health Organization (https://www.who.int/data/gho),,9.25,,,,,,97,,,100.0,,,2,,,0.4,,,,,,,,,,,,12,,,99.3,,,100,,
Syrian Arab Republic,11.0,UNICEF/WHO/World Bank Joint Malnutrition Estimates - Country Level Overweight Estimates,,7.78,,,31.0,WHO Global Anaemia estimates. Prevalence of anaemia in women of reproductive age (%). Global Health Observatory (GHO) data. Geneva: World Health Organization (https://www.who.int/data/gho),,25.31,,,106.2,,,,,,88.8,,,,,,2.4,,,,,,23.5,UNICEF/WHO/World Bank Joint Malnutrition Estimates - Country Level Stunting Estimates,,84,,,,,,,,,,,
Tajikistan,4.6,UNICEF/WHO/World Bank Joint Malnutrition Estimates - Country Level Overweight Estimates,,6.39,,,37.3,WHO Global Anaemia estimates. Prevalence of anaemia in women of reproductive age (%). Global Health Observatory (GHO) data. Geneva: World Health Organization (https://www.who.int/data/gho),,56.80,,,83.9,,,55,,,87.9,,,14,,,1.7,,,6.4,"Tajikistan Demographic and Health Survey 2023: Key Indicators Report. Dushanbe, Republic of Tajikistan, and Rockville, Maryland, USA",,13.1,UNICEF/WHO/World Bank Joint Malnutrition Estimates - Country Level Stunting Estimates,,73,,,24,,,,,,,,
Thailand,9.9,UNICEF/WHO/World Bank Joint Malnutrition Estimates - Country Level Overweight Estimates,,16.10,,,20.7,WHO Global Anaemia estimates. Prevalence of anaemia in women of reproductive age (%). Global Health Observatory (GHO) data. Geneva: World Health Organization (https://www.who.int/data/gho),,25.48,,,2.3,,,,,,86.8,,,9,,,4.4,,,7.2,"Thailand Multiple Indicator Cluster Survey 2022, Survey Findings Report. Bangkok, Thailand: National Statistical Office of Thailand",,12.3,UNICEF/WHO/World Bank Joint Malnutrition Estimates - Country Level Stunting Estimates,,85,,,24,,,33.7,,,26,,
Timor-Leste,1.2,UNICEF/WHO/World Bank Joint Malnutrition Estimates - Country Level Overweight Estimates,,8.93,,,29.7,WHO Global Anaemia estimates. Prevalence of anaemia in women of reproductive age (%). Global Health Observatory (GHO) data. Geneva: World Health Organization (https://www.who.int/data/gho),,21.77,,,5.6,,,,,,19.1,,,28,,,5.1,,,8.3,Timor-Leste Food and Nutrition Survey 2020 Oedema data was not considered in the analysis,,45.4,UNICEF/WHO/World Bank Joint Malnutrition Estimates - Country Level Stunting Estimates,,,,,38,,,,,,,,
Togo,3.6,UNICEF/WHO/World Bank Joint Malnutrition Estimates - Country Level Overweight Estimates,,2.56,,,41.5,WHO Global Anaemia estimates. Prevalence of anaemia in women of reproductive age (%). Global Health Observatory (GHO) data. Geneva: World Health Organization (https://www.who.int/data/gho),,37.88,,,38.1,,,19,,,13.2,,,13,,,8.5,,,5.7,"MICS6 TOGO, 2017, Rapport final. Lomé, Togo",,23.0,UNICEF/WHO/World Bank Joint Malnutrition Estimates - Country Level Stunting Estimates,,17,,,25,,,15.9,,,6,,
Tonga,9.5,UNICEF/WHO/World Bank Joint Malnutrition Estimates - Country Level Overweight Estimates,,8.65,,,20.7,WHO Global Anaemia estimates. Prevalence of anaemia in women of reproductive age (%). Global Health Observatory (GHO) data. Geneva: World Health Organization (https://www.who.int/data/gho),,7.74,,,0.4,,,30,,,90.1,,,17,,,3.3,,,1.1,"Tonga Multiple Indicator Cluster Survey 2019, Survey Findings Report. Nuku’alofa, Tonga: Tonga Statistics Department",,1.6,UNICEF/WHO/World Bank Joint Malnutrition Estimates - Country Level Stunting Estimates,,70,,,37,,,30.2,,,32,,
Trinidad and Tobago,15.0,UNICEF/WHO/World Bank Joint Malnutrition Estimates - Country Level Overweight Estimates,,10.92,,,22.1,WHO Global Anaemia estimates. Prevalence of anaemia in women of reproductive age (%). Global Health Observatory (GHO) data. Geneva: World Health Organization (https://www.who.int/data/gho),,10.39,,,,,,,,,100.0,,,7,,,37.7,,,,,,7.8,UNICEF/WHO/World Bank Joint Malnutrition Estimates - Country Level Stunting Estimates,,,,,28,,,38.7,,,,,
Tunisia,17.5,UNICEF/WHO/World Bank Joint Malnutrition Estimates - Country Level Overweight Estimates,,11.21,,,27.7,WHO Global Anaemia estimates. Prevalence of anaemia in women of reproductive age (%). Global Health Observatory (GHO) data. Geneva: World Health Organization (https://www.who.int/data/gho),,27.39,,,253.1,,,74,,,99.9,,,10,,,3.6,,,2.1,"Enquête par grappes à indicateurs multiples (MICS), 2018, Rapport Final. Tunisie: le Ministère du Développement de l’Investissement et de la Coopération Internationale (MDICI)",,8.9,UNICEF/WHO/World Bank Joint Malnutrition Estimates - Country Level Stunting Estimates,,84,,,25,,,75.9,,,81,,
Türkiye,7.7,UNICEF/WHO/World Bank Joint Malnutrition Estimates - Country Level Overweight Estimates,,10.05,,,29.3,WHO Global Anaemia estimates. Prevalence of anaemia in women of reproductive age (%). Global Health Observatory (GHO) data. Geneva: World Health Organization (https://www.who.int/data/gho),,23.28,,,138.0,,,,,,95.3,,,12,,,4.8,,,1.7,"2018 Turkey Demographic and Health Survey. Hacettepe University Institute of Population Studies, T.R. Presidency of Turkey Directorate of Strategy and Budget and TÜBİTAK, Ankara, Turkey.",,5.5,UNICEF/WHO/World Bank Joint Malnutrition Estimates - Country Level Stunting Estimates,,,,,32,,,63.4,,,79,,
Turkmenistan,4.8,UNICEF/WHO/World Bank Joint Malnutrition Estimates - Country Level Overweight Estimates,,8.46,,,34.8,WHO Global Anaemia estimates. Prevalence of anaemia in women of reproductive age (%). Global Health Observatory (GHO) data. Geneva: World Health Organization (https://www.who.int/data/gho),,26.43,,,0.0,,,95,,,99.8,,,,,,3.4,,,4.1,"Multiple Indicator Cluster Survey, 2019. Survey Report. Ashgabat, Turkmenistan, State Committee for Statistics of Turkmenistan and UNICEF.",,6.5,UNICEF/WHO/World Bank Joint Malnutrition Estimates - Country Level Stunting Estimates,,100,,,,,,,,,,,
Tuvalu,4.1,UNICEF/WHO/World Bank Joint Malnutrition Estimates - Country Level Overweight Estimates,,11.21,,,23.2,WHO Global Anaemia estimates. Prevalence of anaemia in women of reproductive age (%). Global Health Observatory (GHO) data. Geneva: World Health Organization (https://www.who.int/data/gho),,6.81,,,0.1,,,9,,,77.0,,,20,,,,,,2.8,"Tuvalu Multiple Indicator Cluster Survey 2019-20, Survey Findings Report. Funafuti, Tuvalu: Central Statistics Division",,5.3,UNICEF/WHO/World Bank Joint Malnutrition Estimates - Country Level Stunting Estimates,,94,,,39,,,42.7,,,37,,
Uganda,4.2,UNICEF/WHO/World Bank Joint Malnutrition Estimates - Country Level Overweight Estimates,,4.86,,,27.2,WHO Global Anaemia estimates. Prevalence of anaemia in women of reproductive age (%). Global Health Observatory (GHO) data. Geneva: World Health Organization (https://www.who.int/data/gho),,32.29,,,133.0,,,19,,,1.8,,,26,,,15.5,,,3.2,"Uganda Demographic and Health Survey 2022. Kampala, Uganda: UBOS. 2023",,23.5,UNICEF/WHO/World Bank Joint Malnutrition Estimates - Country Level Stunting Estimates,,31,,,45,,,3.9,,,18,,
Ukraine,16.0,UNICEF/WHO/World Bank Joint Malnutrition Estimates - Country Level Overweight Estimates,,,,,19.4,WHO Global Anaemia estimates. Prevalence of anaemia in women of reproductive age (%). Global Health Observatory (GHO) data. Geneva: World Health Organization (https://www.who.int/data/gho),,14.51,,,192.3,,,88,,,94.9,,,9,,,5.6,,,,,,11.7,UNICEF/WHO/World Bank Joint Malnutrition Estimates - Country Level Stunting Estimates,,,,,18,,,52.4,,,72,,
United Arab Emirates,,,,12.07,,,28.2,WHO Global Anaemia estimates. Prevalence of anaemia in women of reproductive age (%). Global Health Observatory (GHO) data. Geneva: World Health Organization (https://www.who.int/data/gho),,39.03,,,,,,,,,100.0,,,,,,0.7,,,,,,,,,,,,,,,95.0,,,98,,
United Kingdom,7.8,UNICEF/WHO/World Bank Joint Malnutrition Estimates - Country Level Overweight Estimates,,20.67,,,13.6,WHO Global Anaemia estimates. Prevalence of anaemia in women of reproductive age (%). Global Health Observatory (GHO) data. Geneva: World Health Organization (https://www.who.int/data/gho),,9.71,,,,,,100,,,100.0,,,4,,,1.3,,,0.4,"National Child Measurement Programme, England 2018/19 School Year [NS] Age-adjusted",,3.5,UNICEF/WHO/World Bank Joint Malnutrition Estimates - Country Level Stunting Estimates,,,,,24,,,97.2,,,98,,
United Republic of Tanzania,4.7,UNICEF/WHO/World Bank Joint Malnutrition Estimates - Country Level Overweight Estimates,,5.14,,,38.8,WHO Global Anaemia estimates. Prevalence of anaemia in women of reproductive age (%). Global Health Observatory (GHO) data. Geneva: World Health Organization (https://www.who.int/data/gho),,16.12,,,296.5,,,11,,,9.8,,,24,,,8.3,,,3.1,"Tanzania Demographic and Health Survey and Malaria Indicator Survey 2022 Final Report. Dodoma, Tanzania, and Rockville, Maryland, USA: MoH, NBS, OCGS, and ICF.",,29.9,UNICEF/WHO/World Bank Joint Malnutrition Estimates - Country Level Stunting Estimates,,29,,,38,,,16.1,,,25,,
United States of America,9.7,UNICEF/WHO/World Bank Joint Malnutrition Estimates - Country Level Overweight Estimates,,24.74,,,15.0,WHO Global Anaemia estimates. Prevalence of anaemia in women of reproductive age (%). Global Health Observatory (GHO) data. Geneva: World Health Organization (https://www.who.int/data/gho),,7.41,,,,,,97,,,100.0,,,6,,,5.8,,,0.1,"United States National Health and Nutrition Examination Survey August 2021- August 2023. Hyattsville, United States: National Center for Health Statistics (NCHS), Centers for Disease Control and Prevention (CDC)",,4.2,UNICEF/WHO/World Bank Joint Malnutrition Estimates - Country Level Stunting Estimates,,,,,26,,,98.1,,,97,,
Uruguay,13.5,UNICEF/WHO/World Bank Joint Malnutrition Estimates - Country Level Overweight Estimates,,20.94,,,24.5,WHO Global Anaemia estimates. Prevalence of anaemia in women of reproductive age (%). Global Health Observatory (GHO) data. Geneva: World Health Organization (https://www.who.int/data/gho),,8.51,,,,,,,,,100.0,,,4,,,9.2,,,1.4,"Encuesta de Nutrición, Desarrollo Infantil y Salud (ENDIS), Tercera Ola Uruguay 2018",,6.5,UNICEF/WHO/World Bank Joint Malnutrition Estimates - Country Level Stunting Estimates,,,,,18,,,,,,,,
Uzbekistan,5.5,UNICEF/WHO/World Bank Joint Malnutrition Estimates - Country Level Overweight Estimates,,7.13,,,30.4,WHO Global Anaemia estimates. Prevalence of anaemia in women of reproductive age (%). Global Health Observatory (GHO) data. Geneva: World Health Organization (https://www.who.int/data/gho),,44.55,,,120.8,,,80,,,78.1,,,,,,1.3,,,2.4,"2021-2022 Uzbekistan Multiple Indicator Cluster Survey, Survey Findings Report. Republic of Uzbekistan,  Tashkent: State Committee of the Republic of Uzbekistan on Statistics and United Nations Children’s Fund  (UNICEF)",,6.7,UNICEF/WHO/World Bank Joint Malnutrition Estimates - Country Level Stunting Estimates,,82,,,,,,,,,75,,
Vanuatu,5.5,UNICEF/WHO/World Bank Joint Malnutrition Estimates - Country Level Overweight Estimates,,3.89,,,30.4,WHO Global Anaemia estimates. Prevalence of anaemia in women of reproductive age (%). Global Health Observatory (GHO) data. Geneva: World Health Organization (https://www.who.int/data/gho),,9.09,,,18.7,,,,,,20.6,,,29,,,2.2,,,,,,31.0,UNICEF/WHO/World Bank Joint Malnutrition Estimates - Country Level Stunting Estimates,,76,,,47,,,13.2,,,,,
Venezuela (Bolivarian Republic of),7.3,UNICEF/WHO/World Bank Joint Malnutrition Estimates - Country Level Overweight Estimates,,6.01,,,25.2,WHO Global Anaemia estimates. Prevalence of anaemia in women of reproductive age (%). Global Health Observatory (GHO) data. Geneva: World Health Organization (https://www.who.int/data/gho),,16.55,,,2.3,,,,,,93.5,,,8,,,63.1,,,,,,11.7,UNICEF/WHO/World Bank Joint Malnutrition Estimates - Country Level Stunting Estimates,,,,,19,,,,,,27,,
Viet Nam,10.5,UNICEF/WHO/World Bank Joint Malnutrition Estimates - Country Level Overweight Estimates,,10.7,,,20.5,WHO Global Anaemia estimates. Prevalence of anaemia in women of reproductive age (%). Global Health Observatory (GHO) data. Geneva: World Health Organization (https://www.who.int/data/gho),,22.12,,,282.0,,,58,,,98.7,,,10,,,1.9,,,4.4,"Viet Nam National Nutrition Surveillance Network, 2023",,19.2,UNICEF/WHO/World Bank Joint Malnutrition Estimates - Country Level Stunting Estimates,,89,,,25,,,40.8,,,44,,
Yemen,1.7,UNICEF/WHO/World Bank Joint Malnutrition Estimates - Country Level Overweight Estimates,,2.51,,,36.4,WHO Global Anaemia estimates. Prevalence of anaemia in women of reproductive age (%). Global Health Observatory (GHO) data. Geneva: World Health Organization (https://www.who.int/data/gho),,43.04,,,86.5,,,,,,47.3,,,,,,9.4,,,16.8,"Yemen Multiple Indicator Cluster  Survey 2022-2023, Survey Findings Report. Yemen: Central Statistical Organization and United Nations Children’s Fund.",,47.4,UNICEF/WHO/World Bank Joint Malnutrition Estimates - Country Level Stunting Estimates,,,,,,,,,,,19,,
Zambia,6.3,UNICEF/WHO/World Bank Joint Malnutrition Estimates - Country Level Overweight Estimates,,8.89,,,27.1,WHO Global Anaemia estimates. Prevalence of anaemia in women of reproductive age (%). Global Health Observatory (GHO) data. Geneva: World Health Organization (https://www.who.int/data/gho),,18.85,,,53.6,,,,,,9.2,,,28,,,5.9,,,4.2,"Zambia Demographic and Health Survey 2018. Lusaka, Zambia, and Rockville, Maryland, USA: Zambia Statistics Agency, Ministry of Health, and ICF",,32.3,UNICEF/WHO/World Bank Joint Malnutrition Estimates - Country Level Stunting Estimates,,18,,,41,,,,,,,,
Zimbabwe,4.0,UNICEF/WHO/World Bank Joint Malnutrition Estimates - Country Level Overweight Estimates,,5.21,,,27.5,WHO Global Anaemia estimates. Prevalence of anaemia in women of reproductive age (%). Global Health Observatory (GHO) data. Geneva: World Health Organization (https://www.who.int/data/gho),,14.47,,,9.1,,,27,,,30.7,,,18,,,11.9,,,5.1,Zimbabwe 2024 Rural Livelihoods Assessment Report and Zimbabwe 2024 Urban Nutrition Assessment Report,,23.7,UNICEF/WHO/World Bank Joint Malnutrition Estimates - Country Level Stunting Estimates,,42,,,35,,,55.2,,,32,,
